
-- phpMyAdmin SQL Dump
-- version 3.5.3
-- http://www.phpmyadmin.net
--
-- Client: localhost
-- Généré le: Jeu 29 Novembre 2018 à 07:22
-- Version du serveur: 5.1.49-0.dotdeb.0-log
-- Version de PHP: 5.3.28

SET SQL_MODE="NO_AUTO_VALUE_ON_ZERO";
SET time_zone = "+00:00";


/*!40101 SET @OLD_CHARACTER_SET_CLIENT=@@CHARACTER_SET_CLIENT */;
/*!40101 SET @OLD_CHARACTER_SET_RESULTS=@@CHARACTER_SET_RESULTS */;
/*!40101 SET @OLD_COLLATION_CONNECTION=@@COLLATION_CONNECTION */;
/*!40101 SET NAMES utf8 */;

--
-- Base de données: `vitabulle`
--

-- --------------------------------------------------------

--
-- Structure de la table `adminmenumodules`
--

CREATE TABLE IF NOT EXISTS `adminmenumodules` (
  `IdModule` int(11) NOT NULL AUTO_INCREMENT,
  `NameModule` varchar(30) NOT NULL,
  PRIMARY KEY (`IdModule`)
) ENGINE=InnoDB  DEFAULT CHARSET=utf8 AUTO_INCREMENT=6 ;

--
-- Contenu de la table `adminmenumodules`
--

INSERT INTO `adminmenumodules` (`IdModule`, `NameModule`) VALUES
(2, 'tools'),
(3, 'menus'),
(4, 'admins'),
(5, 'users');

-- --------------------------------------------------------

--
-- Structure de la table `adminmenus`
--

CREATE TABLE IF NOT EXISTS `adminmenus` (
  `IdMenu` int(11) NOT NULL AUTO_INCREMENT,
  `NameMenu` varchar(50) NOT NULL,
  `TitleMenu` varchar(50) NOT NULL,
  `ModuleMenu` varchar(50) NOT NULL,
  `ActionMenu` varchar(20) NOT NULL,
  `IsActiveMenu` tinyint(4) NOT NULL,
  `HeadingMenu` set('pages','modules','users','params','suivi','planification','rapports','profil') NOT NULL,
  `OrderMenu` int(11) NOT NULL,
  PRIMARY KEY (`IdMenu`)
) ENGINE=InnoDB  DEFAULT CHARSET=utf8 ROW_FORMAT=COMPACT AUTO_INCREMENT=37 ;

--
-- Contenu de la table `adminmenus`
--

INSERT INTO `adminmenus` (`IdMenu`, `NameMenu`, `TitleMenu`, `ModuleMenu`, `ActionMenu`, `IsActiveMenu`, `HeadingMenu`, `OrderMenu`) VALUES
(4, 'CrÃ©ateur de modules', 'CrÃ©ateur de modules', '2', '', 1, 'params', 4),
(11, 'Menu de l''administration', 'Menu de l''administration', '3', '', 1, 'params', 1),
(23, 'Groupes', 'Groupes d''utilisateurs', '5', 'groups', 1, 'users', 1),
(25, 'Utilisateurs et participants', 'Gestion des participants', '5', '', 1, 'users', 3),
(31, 'Audit systÃ¨me', 'Audit', '2', 'audit', 1, 'params', 5),
(36, 'Documentation', '', '2', 'documentation', 1, 'params', 3);

-- --------------------------------------------------------

--
-- Structure de la table `countries`
--

CREATE TABLE IF NOT EXISTS `countries` (
  `id_country` int(3) NOT NULL AUTO_INCREMENT,
  `name_country` varchar(60) NOT NULL,
  `currency_country` varchar(10) NOT NULL,
  `symbol_country` varchar(3) NOT NULL,
  `domain_country` varchar(2) NOT NULL,
  `id_region_country` int(11) NOT NULL,
  `active_country` tinyint(2) NOT NULL DEFAULT '0' COMMENT '0 = inactive; 1 = active;',
  PRIMARY KEY (`id_country`)
) ENGINE=MyISAM  DEFAULT CHARSET=utf8 ROW_FORMAT=COMPACT AUTO_INCREMENT=204 ;

--
-- Contenu de la table `countries`
--

INSERT INTO `countries` (`id_country`, `name_country`, `currency_country`, `symbol_country`, `domain_country`, `id_region_country`, `active_country`) VALUES
(1, 'Afghanistan', 'AFN', 'AF', 'af', 9, 0),
(2, 'Albanie', 'ALL', 'AL', 'al', 12, 1),
(3, 'AlgÃ©rie', 'DZD', 'DZ', 'dz', 2, 1),
(4, 'Andorre', 'â‚¬ (EUR)', 'AD', 'ad', 12, 0),
(5, 'Angola', 'AOA', 'AO', 'ao', 2, 0),
(6, 'Anguilla', '$ (XCD)', 'AI', 'ai', 7, 0),
(7, 'Antigua et Barbuda', '$ (XCD)', 'AG', 'ag', 7, 0),
(8, 'Argentine', 'ARS', 'AR', 'ar', 7, 0),
(9, 'ArmÃ©nie', 'AMD', 'AM', 'am', 9, 0),
(10, 'Australie', '$ (AUD)', 'AU', 'au', 15, 0),
(11, 'Autriche', 'â‚¬ (EUR)', 'AT', 'at', 17, 0),
(12, 'AzerbaÃ¯djan', 'AZN', 'AZ', 'az', 9, 0),
(13, 'Bahamas', '$ (BSD)', 'BS', 'bs', 7, 0),
(14, 'BahreÃ¯n', 'BHD', 'BH', 'bh', 9, 0),
(15, 'Bangladesh', 'BDT', 'BD', 'bd', 9, 0),
(16, 'Barbade', '$ (BBD)', 'BB', 'bb', 7, 0),
(17, 'BÃ©larus', 'BYR', 'BY', 'by', 13, 1),
(18, 'Belgique', 'â‚¬ (EUR)', 'BE', 'be', 17, 1),
(19, 'Belize', '$ (BZD)', 'BZ', 'bz', 7, 0),
(20, 'BÃ©nin', 'Franc CFA', 'BJ', 'bj', 2, 1),
(21, 'Bermudes', '$ (USD)', 'BM', 'bm', 8, 0),
(22, 'Bhoutan', 'BTN', 'BT', 'bt', 9, 0),
(23, 'Bolivie', 'BOB', 'BO', 'bo', 7, 0),
(24, 'Bosnie et HerzÃ©govine', 'BAM', 'BA', 'ba', 12, 1),
(25, 'Botswana', 'BWP', 'BW', 'bw', 2, 0),
(26, 'BrÃ©sil', 'BRL', 'BR', 'br', 7, 0),
(27, 'Brunei', '$ (BND)', 'BN', 'bn', 9, 0),
(28, 'Bulgarie', 'BGN', 'BG', 'bg', 13, 1),
(29, 'Burkina-Faso', 'Franc CFA', 'BF', 'bf', 2, 0),
(30, 'Birmanie', 'MKK', 'MM', 'mm', 9, 0),
(31, 'Burundi', 'BIF', 'BI', 'bi', 2, 0),
(32, 'Cambodge', 'KHR', 'KH', 'kh', 9, 0),
(33, 'Cameroun', 'Franc CFA', 'CM', 'cm', 2, 0),
(34, 'Canada', '$ (CAD)', 'CA', 'ca', 8, 1),
(35, 'Cap-Vert', 'CVE', 'CV', 'cv', 2, 0),
(36, 'Ã®les Cayman', '$ (KYD)', 'KY', 'ky', 7, 0),
(37, 'RÃ©publique centrafricaine', 'Franc CFA', 'CF', 'cf', 2, 0),
(38, 'Tchad', 'Franc CFA', 'TD', 'td', 2, 0),
(39, 'Chili', 'CLP', 'CL', 'cl', 7, 0),
(40, 'Chine', 'CNY', 'CN', 'cn', 9, 0),
(41, 'Colombie', 'COP', 'CO', 'co', 7, 0),
(42, 'Comores', 'KMF', 'KM', 'km', 2, 0),
(43, 'Congo (Brazzaville)', 'Franc CFA', 'CG', 'cg', 2, 0),
(44, 'Congo (Kinshasa)', 'CDF', 'CD', 'cd', 2, 0),
(45, 'Costa Rica', 'CRC', 'CR', 'cr', 7, 0),
(46, 'CÃ´te d\\''Ivoire', 'Franc CFA', 'CI', 'ci', 2, 0),
(47, 'Croatie', 'HRK', 'HR', 'hr', 12, 1),
(48, 'Cuba', 'CUP', 'CU', 'cu', 7, 0),
(49, 'Chypre', '', '', '', 13, 0),
(50, 'RÃ©publique tchÃ¨que', 'CZK', 'CZ', 'cz', 13, 1),
(51, 'Danemark', 'DKK', 'DK', 'dk', 16, 0),
(52, 'Djibouti', 'DJF', 'DJ', 'dj', 2, 0),
(53, 'Dominique', '', '', '', 7, 0),
(54, 'RÃ©publique dominicaine', 'DOP', 'DO', 'do', 7, 0),
(55, 'Ã‰quateur', '$ (USD)', 'EC', 'ec', 7, 0),
(56, 'Ã‰gypte', 'EGP', 'EG', 'eg', 2, 0),
(57, 'El Salvador', '$ (USD)', 'SV', 'sv', 7, 0),
(58, 'GuinÃ©e Ã©quatoriale', 'Franc CFA', 'GQ', 'gq', 2, 0),
(59, 'Ã‰rythrÃ©e', 'ERN', 'ER', 'er', 2, 0),
(60, 'Estonie', 'EEK', 'EE', 'ee', 13, 1),
(61, 'Ã‰thiopie', 'ETB', 'ET', 'et', 2, 0),
(62, 'Fidji', '$ (FDJ)', 'FJ', 'fj', 15, 0),
(63, 'Finlande', 'â‚¬ (EUR)', 'FI', 'fi', 16, 0),
(64, 'France', 'â‚¬ (EUR)', 'FR', 'fr', 17, 1),
(65, 'Guyane franÃ§aise', 'â‚¬ (EUR)', 'GF', 'gf', 7, 0),
(66, 'Gabon', 'Franc CFA', 'GA', 'ga', 2, 0),
(67, 'Gambie', 'GMD', 'GM', 'gm', 2, 0),
(68, 'GÃ©orgie', 'GEL', 'GE', 'ge', 9, 0),
(69, 'Allemagne', 'â‚¬ (EUR)', 'DE', 'de', 17, 1),
(70, 'Ghana', 'GHS', 'GH', 'gh', 2, 0),
(71, 'GrÃ¨ce', 'â‚¬ (EUR)', 'GR', 'gr', 12, 0),
(72, 'Grenade', '$ (XCD)', 'GD', 'gd', 7, 0),
(73, 'Guadeloupe', 'â‚¬ (EUR)', 'GP', 'gp', 7, 0),
(74, 'Guatemala', 'GTQ', 'GT', 'gt', 7, 0),
(75, 'GuinÃ©e', 'GNF', 'GN', 'gn', 2, 0),
(76, 'GuinÃ©e-Bissau', 'Franc CFA', 'GW', 'gw', 2, 0),
(77, 'Guyane', 'â‚¬ (EUR)', 'GF', 'gf', 7, 0),
(78, 'HaÃ¯ti', 'HTG', 'HT', 'ht', 7, 0),
(79, 'Honduras', 'HNL', 'HN', 'hn', 7, 0),
(80, 'Hongrie', 'HUF', 'HU', 'hu', 13, 1),
(81, 'Islande', 'ISK', 'IS', 'is', 16, 0),
(82, 'Inde', 'INR', 'IN', 'in', 9, 0),
(83, 'IndonÃ©sie', 'IDR', 'ID', 'id', 9, 0),
(84, 'Iran', 'IRR', 'IR', 'ir', 9, 0),
(85, 'Iraq', 'IQD', 'IQ', 'iq', 9, 0),
(86, 'Irlande', 'â‚¬ (EUR)', 'IE', 'ie', 16, 0),
(87, 'IsraÃ«l ', 'NIS', 'IL', 'il', 9, 0),
(88, 'Italie', 'â‚¬ (EUR)', 'IT', 'it', 12, 1),
(89, 'JamaÃ¯que', '$ (JMD)', 'JM', 'jm', 7, 0),
(90, 'Japon', 'JPY', 'JP', 'jp', 9, 0),
(91, 'Jordanie', 'JOD', 'JO', 'jo', 9, 0),
(92, 'Kazakhstan', 'KZT', 'KZ', 'kz', 9, 0),
(93, 'Kenya', 'KES', 'KE', 'ke', 2, 0),
(94, 'Kiribati', '$ (AUD)', 'KI', 'ki', 15, 0),
(95, 'CorÃ©e du Nord', 'KPW', 'KP', 'kp', 9, 0),
(96, 'CorÃ©e du Sud', 'KRW', 'KR', 'kr', 9, 0),
(97, 'Kosovo', 'â‚¬ (EUR)', '', '', 13, 1),
(98, 'KoweÃ¯t', 'KWD', 'KW', 'kw', 9, 0),
(99, 'Kirghizistan', 'KGS', 'KG', 'kg', 9, 0),
(100, 'Laos', 'LAOS', 'LA', 'la', 9, 0),
(101, 'Lettonie', 'LVL', 'LV', 'lv', 16, 1),
(102, 'Liban', 'LBP', 'LB', 'lb', 9, 0),
(103, 'Lesotho', 'LSL', 'LS', 'ls', 2, 0),
(104, 'LibÃ©ria', '$ (LRD)', 'LR', 'lr', 2, 0),
(105, 'Libye', 'LYB', 'LY', 'ly', 2, 0),
(106, 'Liechtenstein', 'CHF', 'LI', 'li', 17, 0),
(107, 'Lituanie', 'LTL', 'LT', 'lt', 16, 1),
(108, 'Luxembourg', 'â‚¬ (EUR)', 'LU', 'lu', 17, 0),
(109, 'MacÃ©doine', 'MKD', 'MK', 'mk', 12, 0),
(110, 'Madagascar', 'MGA', 'MG', 'mg', 2, 0),
(111, 'Malawi', 'MWK', 'MW', 'mw', 2, 0),
(112, 'Malaisie', 'MYR', 'MY', 'my', 9, 0),
(113, 'Maldives', 'MVR', 'MV', 'mv', 9, 0),
(114, 'Mali', 'Franc CFA', 'ML', 'ml', 2, 0),
(115, 'Malte', 'â‚¬ (EUR)', 'MT', 'mt', 12, 0),
(116, 'ÃŽles Marshall', '$ (USD)', 'MH', 'mh', 15, 0),
(117, 'Martinique', 'â‚¬ (EUR)', 'MQ', 'mq', 7, 0),
(118, 'Mauritanie', 'MRO', 'MR', 'mr', 2, 0),
(119, 'Maurice', '', '', '', 2, 0),
(120, 'Mexique', '$ (MXN)', 'MX', 'mx', 7, 0),
(121, 'MicronÃ©sie', '$ (USD)', 'FM', 'fm', 15, 0),
(122, 'Moldova', 'MDL', 'MD', 'md', 13, 1),
(123, 'Mongolie', 'MNT', 'MN', 'mn', 9, 0),
(124, 'MontÃ©nÃ©gro', 'â‚¬ (EUR)', 'ME', 'me', 13, 1),
(125, 'Maroc', 'MAD', 'MA', 'ma', 2, 1),
(126, 'Mozambique', 'MZM', 'MZ', 'mz', 2, 0),
(127, 'Namibie', '$ (NAD)', 'NA', 'na', 2, 0),
(128, 'Nauru', '$ (AUD)', 'NR', 'nr', 15, 0),
(129, 'NÃ©pal', 'NPR', 'NP', 'np', 9, 0),
(130, 'Pays-Bas', 'â‚¬ (EUR)', 'NL', 'nl', 17, 1),
(131, 'Antilles nÃ©erlandaises', 'ANG', 'AN', 'an', 7, 0),
(132, 'Nouvelle-ZÃ©lande', '$ (NZD)', 'NZ', 'nz', 15, 0),
(133, 'Nicaragua', 'NIO', 'NI', 'ni', 7, 0),
(134, 'Niger', 'Franc CFA', 'NE', 'ne', 2, 0),
(135, 'NigÃ©ria', 'NGN', 'NG', 'ng', 2, 1),
(136, 'NorvÃ¨ge', 'NOK', 'NO', 'no', 16, 0),
(137, 'Oman', 'OMR', 'OM', 'om', 9, 0),
(138, 'Pakistan', 'PKR', 'PK', 'pk', 9, 0),
(139, 'Territoires Palestiniens', '', '', '', 9, 0),
(140, 'Panama', 'PAB', 'PA', 'pa', 7, 0),
(141, 'Papouasie-Nouvelle-GuinÃ©e', 'PGK', 'PG', 'pg', 15, 0),
(142, 'Paraguay', 'PYG', 'PY', 'py', 7, 0),
(143, 'PÃ©rou', 'PEN', 'PE', 'pe', 7, 0),
(144, 'Philippines', 'PHP', 'PH', 'ph', 9, 0),
(145, 'Pologne', 'PLN', 'PL', 'pl', 13, 1),
(146, 'Portugal', 'â‚¬ (EUR)', 'PO', 'pt', 12, 0),
(147, 'Qatar', 'QAR', 'QA', 'qa', 9, 0),
(148, 'Roumanie', 'RON', 'RO', 'ro', 13, 1),
(149, 'Russie', 'RUB', 'RU', 'ru', 13, 0),
(150, 'Rwanda', 'RWF', 'RW', 'rw', 2, 0),
(151, 'Saint-Kitts-et-Nevis', '$ (XCD)', 'KN', 'kn', 7, 0),
(152, 'Sainte-Lucie', '$ (XCD)', 'LC', 'lc', 7, 0),
(153, 'Saint Vincent et les Grenadines', '$ (XCD)', 'VC', 'vc', 7, 0),
(154, 'Samoa', 'WST', 'WS', 'ws', 15, 0),
(155, 'Samoa', 'WST', 'WS', 'ws', 12, 0),
(156, 'Sao TomÃ©-et-Principe', 'STD', 'ST', 'st', 2, 0),
(157, 'Arabie saoudite', 'SAR', 'SA', 'sa', 9, 0),
(158, 'SÃ©nÃ©gal', 'Franc CFA', 'SN', 'sn', 2, 0),
(159, 'Serbie', 'RSD', 'RS', 'rs', 13, 1),
(160, 'Seychelles', 'SCR', 'SC', 'sc', 2, 0),
(161, 'Sierra Leone', 'SLL', 'SL', 'sl', 2, 0),
(162, 'Singapour', '$ (SGD)', 'SG', 'sg', 9, 0),
(163, 'Slovaquie', 'â‚¬ (EUR)', 'SK', 'sk', 17, 0),
(164, 'SlovÃ©nie', 'â‚¬ (EUR)', 'SI', 'si', 17, 0),
(165, 'ÃŽles Salomon', 'SBD', 'SL', 'sl', 15, 0),
(166, 'Somalie', 'SOS', 'SO', 'so', 2, 0),
(167, 'Afrique du Sud', 'ZAR', 'ZA', 'za', 2, 1),
(168, 'Espagne', 'â‚¬ (EUR)', 'ES', 'es', 12, 1),
(169, 'Sri Lanka', 'LKR', 'LK', 'lk', 9, 0),
(170, 'Soudan', 'SDG', 'SD', 'sd', 2, 0),
(171, 'Suriname', '$ (SRD)', 'SR', 'sr', 7, 0),
(172, 'Swaziland', 'SZL', 'SZ', 'sz', 2, 0),
(173, 'SuÃ¨de', 'SEK', 'SE', 'se', 16, 1),
(174, 'Suisse', 'CHF', 'CH', 'ch', 17, 1),
(175, 'Syrie', 'SP', 'SY', 'sy', 9, 0),
(176, 'Tadjikistan', 'TJS', 'TJ', 'tj', 9, 0),
(177, 'Tanzanie', 'TZS', 'TZ', 'tz', 2, 0),
(178, 'ThaÃ¯lande', 'THB', 'TH', 'th', 9, 0),
(179, 'Timor Oriental', '$ (USD)', 'TL', 'tl', 9, 0),
(180, 'Tonga', 'TOP', 'TO', 'to', 15, 0),
(181, 'Togo', 'Franc CFA', 'TG', 'tg', 2, 0),
(182, 'TrinitÃ©-et-Tobago', '$ (TTD)', 'TT', 'tt', 7, 0),
(183, 'Tunisie', 'TND', 'TN', 'tn', 2, 0),
(184, 'Turquie', 'TL', 'TR', 'tr', 13, 0),
(185, 'TurkmÃ©nistan', 'TMM', 'TM', 'tm', 9, 0),
(186, 'Turks et CaÃ¯ques', '$ (USD)', 'TC', 'tc', 7, 0),
(187, 'Tuvalu', '$ (AUD)', 'TV', 'tv', 15, 0),
(188, 'Ouganda', 'UGX', 'UG', 'ug', 2, 0),
(189, 'Ukraine', 'UAH', 'UA', 'ua', 13, 0),
(190, 'Ã‰mirats arabes unis (EAU)', 'EAD', 'EA', 'ea', 9, 0),
(191, 'Royaume-Uni', 'Â£ (GBP)', 'GB', 'uk', 17, 1),
(192, 'Ã‰tats-Unis d\\''AmÃ©rique', '$ (USD)', 'US', 'us', 8, 1),
(193, 'Uruguay', 'UYU', 'UY', 'uy', 7, 0),
(194, 'UzbÃ©kistan', 'UKS', 'UZ', 'uz', 9, 0),
(195, 'Vanuatu', 'VUV', 'VU', 'vu', 9, 0),
(196, 'VÃ©nÃ©zuela ', 'VEF', 'VE', 've', 7, 0),
(197, 'Vietnam', 'VND', 'VN', 'vn', 9, 0),
(198, 'YÃ©men', 'YER', 'YE', 'ye', 9, 0),
(199, 'Zambie', 'ZMK', 'ZM', 'zm', 2, 0),
(200, 'Zimbabwe', '$ (ZWD)', 'ZW', 'zw', 2, 0),
(201, 'Aucun', '', '', '', 1, 0),
(203, 'World (online)', '', '', '', 1, 0);

-- --------------------------------------------------------

--
-- Structure de la table `groups`
--

CREATE TABLE IF NOT EXISTS `groups` (
  `IdGroup` int(11) NOT NULL AUTO_INCREMENT,
  `NameGroup` varchar(50) NOT NULL,
  `IdMenuLanding` int(11) NOT NULL,
  PRIMARY KEY (`IdGroup`)
) ENGINE=InnoDB  DEFAULT CHARSET=utf8 AUTO_INCREMENT=3 ;

--
-- Contenu de la table `groups`
--

INSERT INTO `groups` (`IdGroup`, `NameGroup`, `IdMenuLanding`) VALUES
(1, 'Administrateur', 11),
(2, 'Users', 0);

-- --------------------------------------------------------

--
-- Structure de la table `group_rights`
--

CREATE TABLE IF NOT EXISTS `group_rights` (
  `IdGroup` int(11) NOT NULL,
  `IdMenu` int(11) NOT NULL,
  `Rights` set('r','a','m','d','v','w') NOT NULL
) ENGINE=InnoDB DEFAULT CHARSET=utf8;

--
-- Contenu de la table `group_rights`
--

INSERT INTO `group_rights` (`IdGroup`, `IdMenu`, `Rights`) VALUES
(2, 1, 'r'),
(2, 1, 'w'),
(2, 1, 'm'),
(2, 1, 'd'),
(1, 14, 'r'),
(1, 14, 'w'),
(1, 14, 'v'),
(1, 14, 'm'),
(1, 14, 'd'),
(1, 9, 'r'),
(1, 9, 'w'),
(1, 9, 'm'),
(1, 9, 'd'),
(1, 11, 'r'),
(1, 11, 'w'),
(1, 11, 'v'),
(1, 11, 'm'),
(1, 11, 'd'),
(1, 4, 'r'),
(1, 4, 'w'),
(1, 4, 'm'),
(1, 4, 'd'),
(1, 22, 'r'),
(1, 22, 'w'),
(1, 22, 'm'),
(1, 22, 'v'),
(1, 22, 'd'),
(1, 23, 'r'),
(1, 23, 'w'),
(1, 23, 'm'),
(1, 23, 'v'),
(1, 23, 'd'),
(1, 24, 'v'),
(1, 24, 'r'),
(1, 24, 'w'),
(1, 24, 'm'),
(1, 24, 'd'),
(1, 25, 'r'),
(1, 25, 'w'),
(1, 25, 'm'),
(1, 25, 'd'),
(1, 25, 'v'),
(1, 27, 'r'),
(1, 27, 'w'),
(1, 27, 'm'),
(1, 27, 'd'),
(1, 27, 'v'),
(1, 28, 'r'),
(1, 28, 'w'),
(1, 28, 'm'),
(1, 28, 'd'),
(1, 28, 'v'),
(1, 9, 'v'),
(1, 4, 'v'),
(1, 29, 'r'),
(1, 29, 'w'),
(1, 29, 'm'),
(1, 29, 'd'),
(1, 29, 'v'),
(1, 49, 'w'),
(1, 31, 'r'),
(1, 31, 'w'),
(1, 31, 'm'),
(1, 31, 'd'),
(1, 31, 'v'),
(2, 14, 'r'),
(2, 14, 'w'),
(2, 14, 'm'),
(2, 14, 'd'),
(2, 14, 'v'),
(1, 36, 'r'),
(1, 36, 'w'),
(1, 36, 'm'),
(1, 36, 'd'),
(1, 36, 'v'),
(2, 23, 'r'),
(2, 25, 'r'),
(2, 23, 'w'),
(2, 25, 'w'),
(2, 23, 'm'),
(2, 25, 'm'),
(2, 23, 'd'),
(2, 25, 'd'),
(2, 23, 'v'),
(2, 25, 'v'),
(2, 11, 'r'),
(2, 36, 'r'),
(2, 4, 'r'),
(2, 31, 'r'),
(2, 11, 'w'),
(2, 36, 'w'),
(2, 4, 'w'),
(2, 31, 'w'),
(2, 11, 'm'),
(2, 36, 'm'),
(2, 4, 'm'),
(2, 31, 'm'),
(2, 11, 'd'),
(2, 36, 'd'),
(2, 4, 'd'),
(2, 31, 'd'),
(2, 11, 'v'),
(2, 36, 'v'),
(2, 4, 'v'),
(2, 31, 'v');

-- --------------------------------------------------------

--
-- Structure de la table `systemaudits`
--

CREATE TABLE IF NOT EXISTS `systemaudits` (
  `IdAudit` int(11) NOT NULL AUTO_INCREMENT,
  `DateAudit` datetime NOT NULL,
  `FirstnameUserAudit` varchar(50) NOT NULL,
  `NameUserAudit` varchar(50) NOT NULL,
  `LoginUserAudit` varchar(60) NOT NULL,
  `EmailUserAudit` varchar(60) NOT NULL,
  `IpUserAudit` varchar(15) NOT NULL,
  `UrlSystemAudit` varchar(150) NOT NULL,
  `ModuleSystemAudit` varchar(30) NOT NULL,
  `ActionSystemAudit` varchar(30) NOT NULL,
  `DescriptionAudit` text NOT NULL,
  PRIMARY KEY (`IdAudit`)
) ENGINE=InnoDB  DEFAULT CHARSET=utf8 AUTO_INCREMENT=1983 ;

--
-- Contenu de la table `systemaudits`
--

INSERT INTO `systemaudits` (`IdAudit`, `DateAudit`, `FirstnameUserAudit`, `NameUserAudit`, `LoginUserAudit`, `EmailUserAudit`, `IpUserAudit`, `UrlSystemAudit`, `ModuleSystemAudit`, `ActionSystemAudit`, `DescriptionAudit`) VALUES
(983, '2018-10-09 18:17:24', '', '', '', '', '127.0.0.1', '/api/users/user', 'api', 'users', 'API called : users/user/[Id]'),
(984, '2018-10-09 18:17:53', '', '', '', '', '127.0.0.1', '/api/users/user', 'api', 'users', 'API called : users/user/[Id]'),
(985, '2018-10-09 18:19:26', '', '', '', '', '127.0.0.1', '/api/users/user', 'api', 'users', 'API called : users/user/[Id]'),
(986, '2018-10-09 18:19:47', '', '', '', '', '127.0.0.1', '/api/users/user', 'api', 'users', 'API called : users/user/[Id]'),
(987, '2018-10-09 18:20:54', '', '', '', '', '127.0.0.1', '/api/users/user', 'api', 'users', 'API called : users/user/[Id]'),
(988, '2018-10-09 18:21:10', '', '', '', '', '127.0.0.1', '/api/users/user', 'api', 'users', 'API called : users/user/[Id]'),
(989, '2018-10-09 18:21:28', '', '', '', '', '127.0.0.1', '/api/users/user', 'api', 'users', 'API called : users/user/[Id]'),
(990, '2018-10-09 18:25:34', '', '', '', '', '127.0.0.1', '/api/users/user', 'api', 'users', 'API called : users/user/[Id]'),
(991, '2018-10-09 18:28:09', '', '', '', '', '127.0.0.1', '/api/users/user', 'api', 'users', 'API called : users/user/[Id]'),
(992, '2018-10-09 18:28:20', '', '', '', '', '127.0.0.1', '/api/users/user', 'api', 'users', 'API called : users/user/[Id]'),
(993, '2018-10-09 18:28:28', '', '', '', '', '127.0.0.1', '/api/users/user', 'api', 'users', 'API called : users/user/[Id]'),
(994, '2018-10-09 18:28:43', '', '', '', '', '127.0.0.1', '/api/users/user', 'api', 'users', 'API called : users/user/[Id]'),
(995, '2018-10-09 18:28:49', '', '', '', '', '127.0.0.1', '/api/users/login', 'api', 'users', 'API called : users/login/1539102529/token/'),
(996, '2018-10-09 18:29:03', '', '', '', '', '127.0.0.1', '/api/users/login', 'api', 'users', 'API called : users/login/1539102542/token/'),
(997, '2018-10-09 18:29:23', '', '', '', '', '127.0.0.1', '/api/users/user', 'api', 'users', 'API called : users/user/[Id]'),
(998, '2018-10-09 18:29:26', '', '', '', '', '127.0.0.1', '/api/users/login', 'api', 'users', 'API called : users/login/1539102566/token/'),
(999, '2018-10-09 18:30:25', '', '', '', '', '127.0.0.1', '/api/users/user', 'api', 'users', 'API called : users/user/[Id]'),
(1000, '2018-10-09 18:30:28', '', '', '', '', '127.0.0.1', '/api/users/login', 'api', 'users', 'API called : users/login/1539102628/token/'),
(1001, '2018-10-09 18:30:51', '', '', '', '', '127.0.0.1', '/api/users/user', 'api', 'users', 'API called : users/user/[Id]'),
(1002, '2018-10-09 18:30:54', '', '', '', '', '127.0.0.1', '/api/users/login', 'api', 'users', 'API called : users/login/1539102654/token/'),
(1003, '2018-10-09 18:31:06', '', '', '', '', '127.0.0.1', '/api/users/user', 'api', 'users', 'API called : users/user/[Id]'),
(1004, '2018-10-09 18:31:10', '', '', '', '', '127.0.0.1', '/api/users/user', 'api', 'users', 'API called : users/user/[Id]'),
(1005, '2018-10-09 18:31:14', '', '', '', '', '127.0.0.1', '/api/users/user', 'api', 'users', 'API called : users/user/[Id]'),
(1006, '2018-10-09 18:31:25', '', '', '', '', '127.0.0.1', '/api/users/user', 'api', 'users', 'API called : users/user/[Id]'),
(1007, '2018-10-09 18:31:45', '', '', '', '', '127.0.0.1', '/api/users/user', 'api', 'users', 'API called : users/user/[Id]'),
(1008, '2018-10-09 18:31:48', '', '', '', '', '127.0.0.1', '/api/users/login', 'api', 'users', 'API called : users/login/1539102707/token/'),
(1009, '2018-10-09 18:32:04', '', '', '', '', '127.0.0.1', '/api/users/user', 'api', 'users', 'API called : users/user/[Id]'),
(1010, '2018-10-09 18:32:08', '', '', '', '', '127.0.0.1', '/api/users/login', 'api', 'users', 'API called : users/login/1539102728/token/'),
(1011, '2018-10-09 18:34:50', '', '', '', '', '127.0.0.1', '/api/users/login', 'api', 'users', 'API called : users/login/1539102889/token/'),
(1012, '2018-10-09 18:35:13', '', '', '', '', '127.0.0.1', '/api/users/login', 'api', 'users', 'API called : users/login/1539102913/token/'),
(1013, '2018-10-09 18:35:31', '', '', '', '', '127.0.0.1', '/api/users/login', 'api', 'users', 'API called : users/login/1539102930/token/as/'),
(1014, '2018-10-09 18:35:48', '', '', '', '', '127.0.0.1', '/api/users/login', 'api', 'users', 'API called : users/login/1539102948/token/as/asd'),
(1015, '2018-10-09 18:37:11', '', '', '', '', '127.0.0.1', '/api/users/login', 'api', 'users', 'API called : users/login/1539103030/token/as/'),
(1016, '2018-10-09 18:37:20', '', '', '', '', '127.0.0.1', '/api/users/login', 'api', 'users', 'API called : users/login/1539103039/token/'),
(1017, '2018-10-09 18:41:48', '', '', '', '', '127.0.0.1', '/api/users/login', 'api', 'users', 'API called : users/login/1539103307/token/'),
(1018, '2018-10-09 18:41:52', '', '', '', '', '127.0.0.1', '/api/users/user', 'api', 'users', 'API called : users/user/[Id]'),
(1019, '2018-10-09 18:41:57', '', '', '', '', '127.0.0.1', '/api/users/login', 'api', 'users', 'API called : users/login/1539103316/token/empty/empty'),
(1020, '2018-10-09 18:46:21', '', '', '', '', '127.0.0.1', '/api/users/user', 'api', 'users', 'API called : users/user/[Id]'),
(1021, '2018-10-09 18:46:28', '', '', '', '', '127.0.0.1', '/api/users/login', 'api', 'users', 'API called : users/login/1539103587/token/asd/empty'),
(1022, '2018-10-09 18:46:41', '', '', '', '', '127.0.0.1', '/api/users/user', 'api', 'users', 'API called : users/user/[Id]'),
(1023, '2018-10-09 18:46:46', '', '', '', '', '127.0.0.1', '/api/users/login', 'api', 'users', 'API called : users/login/1539103605/token/sdf/empty'),
(1024, '2018-10-09 18:48:08', '', '', '', '', '127.0.0.1', '/api/users/user', 'api', 'users', 'API called : users/user/[Id]'),
(1025, '2018-10-09 18:48:15', '', '', '', '', '127.0.0.1', '/api/users/login', 'api', 'users', 'API called : users/login/1539103694/token/asd/empty'),
(1026, '2018-10-09 18:51:50', '', '', '', '', '127.0.0.1', '/api/users/user', 'api', 'users', 'API called : users/user/[Id]'),
(1027, '2018-10-09 18:52:34', '', '', '', '', '127.0.0.1', '/api/users/user', 'api', 'users', 'API called : users/user/[Id]'),
(1028, '2018-10-09 18:52:39', '', '', '', '', '127.0.0.1', '/api/users/login', 'api', 'users', 'API called : users/login/1539103959/token/asd/empty'),
(1029, '2018-10-09 18:52:48', '', '', '', '', '127.0.0.1', '/api/users/login', 'api', 'users', 'API called : users/login/1539103967/token/empty/sdf'),
(1030, '2018-10-09 18:53:02', '', '', '', '', '127.0.0.1', '/api/users/user', 'api', 'users', 'API called : users/user/[Id]'),
(1031, '2018-10-09 18:53:09', '', '', '', '', '127.0.0.1', '/api/users/login', 'api', 'users', 'API called : users/login/1539103989/token/empty/sdf'),
(1032, '2018-10-09 18:53:24', '', '', '', '', '127.0.0.1', '/api/users/login', 'api', 'users', 'API called : users/login/1539104003/token/admin/asd'),
(1033, '2018-10-09 18:56:50', '', '', '', '', '127.0.0.1', '/api/users/user', 'api', 'users', 'API called : users/user/[Id]'),
(1034, '2018-10-09 18:57:03', '', '', '', '', '127.0.0.1', '/api/users/login', 'api', 'users', 'API called : users/login/1539104222/token/admin/asd'),
(1035, '2018-10-09 18:57:09', '', '', '', '', '127.0.0.1', '/api/users/login', 'api', 'users', 'API called : users/login/1539104228/token/admin/asd'),
(1036, '2018-10-09 18:57:26', '', '', '', '', '127.0.0.1', '/api/users/user', 'api', 'users', 'API called : users/user/[Id]'),
(1037, '2018-10-09 18:57:31', '', '', '', '', '127.0.0.1', '/api/users/login', 'api', 'users', 'API called : users/login/1539104250/token/sdf/sdf'),
(1038, '2018-10-09 18:57:34', '', '', '', '', '127.0.0.1', '/api/users/login', 'api', 'users', 'API called : users/login/1539104253/token/sdf/empty'),
(1039, '2018-10-09 18:57:38', '', '', '', '', '127.0.0.1', '/api/users/login', 'api', 'users', 'API called : users/login/1539104257/token/sdf/empty'),
(1040, '2018-10-09 18:57:45', '', '', '', '', '127.0.0.1', '/api/users/user', 'api', 'users', 'API called : users/user/[Id]'),
(1041, '2018-10-09 18:57:51', '', '', '', '', '127.0.0.1', '/api/users/login', 'api', 'users', 'API called : users/login/1539104270/token/asd/empty'),
(1042, '2018-10-09 18:57:54', '', '', '', '', '127.0.0.1', '/api/users/login', 'api', 'users', 'API called : users/login/1539104273/token/asd/empty'),
(1043, '2018-10-09 18:58:42', '', '', '', '', '127.0.0.1', '/api/users/user', 'api', 'users', 'API called : users/user/[Id]'),
(1044, '2018-10-09 18:58:46', '', '', '', '', '127.0.0.1', '/api/users/login', 'api', 'users', 'API called : users/login/1539104325/token/empty/empty'),
(1045, '2018-10-09 18:59:20', '', '', '', '', '127.0.0.1', '/api/users/user', 'api', 'users', 'API called : users/user/[Id]'),
(1046, '2018-10-09 18:59:24', '', '', '', '', '127.0.0.1', '/api/users/login', 'api', 'users', 'API called : users/login/1539104363/token/empty/empty'),
(1047, '2018-10-09 18:59:26', '', '', '', '', '127.0.0.1', '/api/users/login', 'api', 'users', 'API called : users/login/1539104365/token/empty/empty'),
(1048, '2018-10-09 18:59:44', '', '', '', '', '127.0.0.1', '/api/users/user', 'api', 'users', 'API called : users/user/[Id]'),
(1049, '2018-10-09 18:59:48', '', '', '', '', '127.0.0.1', '/api/users/login', 'api', 'users', 'API called : users/login/1539104387/token/empty/empty'),
(1050, '2018-10-09 18:59:50', '', '', '', '', '127.0.0.1', '/api/users/login', 'api', 'users', 'API called : users/login/1539104389/token/empty/empty'),
(1051, '2018-10-09 18:59:57', '', '', '', '', '127.0.0.1', '/api/users/login', 'api', 'users', 'API called : users/login/1539104396/token/rtzu/empty'),
(1052, '2018-10-09 19:00:02', '', '', '', '', '127.0.0.1', '/api/users/login', 'api', 'users', 'API called : users/login/1539104402/token/rtzurtzu/empty'),
(1053, '2018-10-09 19:00:10', '', '', '', '', '127.0.0.1', '/api/users/login', 'api', 'users', 'API called : users/login/1539104409/token/empty/empty'),
(1054, '2018-10-09 19:00:47', '', '', '', '', '127.0.0.1', '/api/users/user', 'api', 'users', 'API called : users/user/[Id]'),
(1055, '2018-10-09 19:00:51', '', '', '', '', '127.0.0.1', '/api/users/login', 'api', 'users', 'API called : users/login/1539104450/token/empty/empty'),
(1056, '2018-10-09 19:00:57', '', '', '', '', '127.0.0.1', '/api/users/login', 'api', 'users', 'API called : users/login/1539104456/token/xg/empty'),
(1057, '2018-10-09 19:01:02', '', '', '', '', '127.0.0.1', '/api/users/login', 'api', 'users', 'API called : users/login/1539104461/token/xgdh/empty'),
(1058, '2018-10-09 19:01:05', '', '', '', '', '127.0.0.1', '/api/users/login', 'api', 'users', 'API called : users/login/1539104464/token/xgdh/sdf'),
(1059, '2018-10-09 19:01:16', '', '', '', '', '127.0.0.1', '/api/users/login', 'api', 'users', 'API called : users/login/1539104475/token/admin/admin'),
(1060, '2018-10-09 19:01:17', '', '', '', '', '127.0.0.1', '/api/users/user', 'api', 'users', 'API called : users/user/[Id]'),
(1061, '2018-10-09 19:02:33', '', '', '', '', '127.0.0.1', '/api/users/login', 'api', 'users', 'API called : users/login/1539104552/token/sylvie.filet@lausanne.ch/admin'),
(1062, '2018-10-09 19:07:37', '', '', '', '', '127.0.0.1', '/api/users/user', 'api', 'users', 'API called : users/user/[Id]'),
(1063, '2018-10-09 19:07:46', '', '', '', '', '127.0.0.1', '/api/users/login', 'api', 'users', 'API called : users/login/1539104865/token/admin/admin'),
(1064, '2018-10-09 19:07:47', '', '', '', '', '127.0.0.1', '/api/users/user', 'api', 'users', 'API called : users/user/[Id]'),
(1065, '2018-10-09 19:08:05', '', '', '', '', '127.0.0.1', '/api/users/user', 'api', 'users', 'API called : users/user/[Id]'),
(1066, '2018-10-09 19:08:14', '', '', '', '', '127.0.0.1', '/api/users/login', 'api', 'users', 'API called : users/login/1539104894/token/admin/admin'),
(1067, '2018-10-09 19:08:15', '', '', '', '', '127.0.0.1', '/api/users/user', 'api', 'users', 'API called : users/user/[Id]'),
(1068, '2018-10-09 19:08:25', '', '', '', '', '127.0.0.1', '/api/users/user', 'api', 'users', 'API called : users/user/[Id]'),
(1069, '2018-10-09 19:08:33', '', '', '', '', '127.0.0.1', '/api/users/login', 'api', 'users', 'API called : users/login/1539104912/token/admin/admin'),
(1070, '2018-10-09 19:09:06', '', '', '', '', '127.0.0.1', '/api/users/user', 'api', 'users', 'API called : users/user/[Id]'),
(1071, '2018-10-09 19:09:15', '', '', '', '', '127.0.0.1', '/api/users/login', 'api', 'users', 'API called : users/login/1539104955/token/admin/admin'),
(1072, '2018-10-09 19:10:52', '', '', '', '', '127.0.0.1', '/api/users/user', 'api', 'users', 'API called : users/user/[Id]'),
(1073, '2018-10-09 19:10:59', '', '', '', '', '127.0.0.1', '/api/users/login', 'api', 'users', 'API called : users/login/1539105059/token/admin/admin'),
(1074, '2018-10-09 19:13:36', '', '', '', '', '127.0.0.1', '/api/users/user', 'api', 'users', 'API called : users/user/[Id]'),
(1075, '2018-10-09 19:13:43', '', '', '', '', '127.0.0.1', '/api/users/login', 'api', 'users', 'API called : users/login/1539105223/token/admin/admin'),
(1076, '2018-10-09 19:13:45', '', '', '', '', '127.0.0.1', '/api/users/user', 'api', 'users', 'API called : users/user/1'),
(1077, '2018-10-09 19:15:15', '', '', '', '', '127.0.0.1', '/api/users/user', 'api', 'users', 'API called : users/user/1'),
(1078, '2018-10-09 19:15:30', '', '', '', '', '127.0.0.1', '/api/users/user', 'api', 'users', 'API called : users/user/1'),
(1079, '2018-10-09 19:18:29', '', '', '', '', '127.0.0.1', '/api/users/user', 'api', 'users', 'API called : users/user/1'),
(1080, '2018-10-09 19:18:36', '', '', '', '', '127.0.0.1', '/api/users/user', 'api', 'users', 'API called : users/user/1'),
(1081, '2018-10-09 19:18:54', '', '', '', '', '127.0.0.1', '/api/users/user', 'api', 'users', 'API called : users/user/1'),
(1082, '2018-10-09 19:18:56', '', '', '', '', '127.0.0.1', '/api/users/user', 'api', 'users', 'API called : users/user/1'),
(1083, '2018-10-09 19:31:44', '', '', '', '', '127.0.0.1', '/api/users/user', 'api', 'users', 'API called : users/user/1'),
(1084, '2018-10-09 19:31:48', '', '', '', '', '127.0.0.1', '/api/users/user', 'api', 'users', 'API called : users/user/1'),
(1085, '2018-10-09 19:33:10', '', '', '', '', '127.0.0.1', '/api/users/user', 'api', 'users', 'API called : users/user/1'),
(1086, '2018-10-09 19:33:31', '', '', '', '', '127.0.0.1', '/api/users/user', 'api', 'users', 'API called : users/user/1'),
(1087, '2018-10-09 19:33:34', '', '', '', '', '127.0.0.1', '/api/users/user', 'api', 'users', 'API called : users/user/1'),
(1088, '2018-10-09 19:33:50', '', '', '', '', '127.0.0.1', '/api/users/user', 'api', 'users', 'API called : users/user/1'),
(1089, '2018-10-09 19:33:52', '', '', '', '', '127.0.0.1', '/api/users/user', 'api', 'users', 'API called : users/user/1'),
(1090, '2018-10-09 19:34:01', '', '', '', '', '127.0.0.1', '/api/users/user', 'api', 'users', 'API called : users/user/1'),
(1091, '2018-10-09 19:34:04', '', '', '', '', '127.0.0.1', '/api/users/user', 'api', 'users', 'API called : users/user/1'),
(1092, '2018-10-09 19:34:57', '', '', '', '', '127.0.0.1', '/api/users/user', 'api', 'users', 'API called : users/user/1'),
(1093, '2018-10-09 19:35:00', '', '', '', '', '127.0.0.1', '/api/users/user', 'api', 'users', 'API called : users/user/1'),
(1094, '2018-10-09 19:35:06', '', '', '', '', '127.0.0.1', '/api/users/user', 'api', 'users', 'API called : users/user/1'),
(1095, '2018-10-09 19:35:09', '', '', '', '', '127.0.0.1', '/api/users/user', 'api', 'users', 'API called : users/user/1'),
(1096, '2018-10-09 19:35:57', '', '', '', '', '127.0.0.1', '/api/users/user', 'api', 'users', 'API called : users/user/1'),
(1097, '2018-10-09 19:36:10', '', '', '', '', '127.0.0.1', '/api/users/user', 'api', 'users', 'API called : users/user/1'),
(1098, '2018-10-09 19:36:51', '', '', '', '', '127.0.0.1', '/api/users/user', 'api', 'users', 'API called : users/user/1'),
(1099, '2018-10-09 19:36:56', '', '', '', '', '127.0.0.1', '/api/users/user', 'api', 'users', 'API called : users/user/1'),
(1100, '2018-10-10 06:44:23', '', '', '', '', '127.0.0.1', '/api/users/user', 'api', 'users', 'API called : users/user/1'),
(1101, '2018-10-10 06:45:50', '', '', '', '', '127.0.0.1', '/api/users/user', 'api', 'users', 'API called : users/user/1'),
(1102, '2018-10-10 07:00:38', '', '', '', '', '127.0.0.1', '/api/users/user', 'api', 'users', 'API called : users/user/1'),
(1103, '2018-10-10 07:00:53', '', '', '', '', '127.0.0.1', '/api/users/user', 'api', 'users', 'API called : users/user/1'),
(1104, '2018-10-10 07:01:04', '', '', '', '', '127.0.0.1', '/api/users/user', 'api', 'users', 'API called : users/user/1'),
(1105, '2018-10-10 07:01:09', '', '', '', '', '127.0.0.1', '/api/users/user', 'api', 'users', 'API called : users/user/1'),
(1106, '2018-10-10 07:01:16', '', '', '', '', '127.0.0.1', '/api/users/user', 'api', 'users', 'API called : users/user/1'),
(1107, '2018-10-10 07:05:58', '', '', '', '', '127.0.0.1', '/api/users/user', 'api', 'users', 'API called : users/user/1'),
(1108, '2018-10-10 07:15:47', '', '', '', '', '127.0.0.1', '/api/users/user', 'api', 'users', 'API called : users/user/1'),
(1109, '2018-10-10 07:16:43', '', '', '', '', '127.0.0.1', '/api/users/user', 'api', 'users', 'API called : users/user/1'),
(1110, '2018-10-10 07:17:24', '', '', '', '', '127.0.0.1', '/api/users/user', 'api', 'users', 'API called : users/user/1'),
(1111, '2018-10-10 07:18:18', '', '', '', '', '127.0.0.1', '/api/users/user', 'api', 'users', 'API called : users/user/1'),
(1112, '2018-10-10 07:19:03', '', '', '', '', '127.0.0.1', '/api/users/user', 'api', 'users', 'API called : users/user/1'),
(1113, '2018-10-10 12:53:45', '', '', '', '', '127.0.0.1', '/api/users/user', 'api', 'users', 'API called : users/user/1'),
(1114, '2018-10-10 12:54:19', '', '', '', '', '127.0.0.1', '/api/users/stats', 'api', 'users', 'API called : users/stats/1/insert/3/1539168859/token/'),
(1115, '2018-10-10 12:54:28', '', '', '', '', '127.0.0.1', '/api/users/stats', 'api', 'users', 'API called : users/stats/1/insert/3/1539168867/token/'),
(1116, '2018-10-10 12:55:21', '', '', '', '', '127.0.0.1', '/api/users/user', 'api', 'users', 'API called : users/user/1'),
(1117, '2018-10-10 12:55:49', '', '', '', '', '127.0.0.1', '/api/users/stats', 'api', 'users', 'API called : users/stats/1/insert/3/1539168948/token/'),
(1118, '2018-10-10 12:55:53', '', '', '', '', '127.0.0.1', '/api/users/user', 'api', 'users', 'API called : users/user/1'),
(1119, '2018-10-10 12:58:00', '', '', '', '', '127.0.0.1', '/api/users/stats', 'api', 'users', 'API called : users/stats/1/insert/2/1539169079/token/'),
(1120, '2018-10-10 12:58:47', '', '', '', '', '127.0.0.1', '/api/users/user', 'api', 'users', 'API called : users/user/1'),
(1121, '2018-10-10 12:59:16', '', '', '', '', '127.0.0.1', '/api/users/stats', 'api', 'users', 'API called : users/stats/1/insert/3/1539169155/token/'),
(1122, '2018-10-10 12:59:40', '', '', '', '', '127.0.0.1', '/api/users/user', 'api', 'users', 'API called : users/user/1'),
(1123, '2018-10-10 13:00:07', '', '', '', '', '127.0.0.1', '/api/users/stats', 'api', 'users', 'API called : users/stats/1/insert/3/1539169206/token/'),
(1124, '2018-10-10 13:00:18', '', '', '', '', '127.0.0.1', '/api/users/stats', 'api', 'users', 'API called : users/stats/1/month/10/2018'),
(1125, '2018-10-10 13:00:20', '', '', '', '', '127.0.0.1', '/api/users/stats', 'api', 'users', 'API called : users/stats/1/days/2018-10-10'),
(1126, '2018-10-10 18:43:57', '', '', '', '', '127.0.0.1', '/api/users/user', 'api', 'users', 'API called : users/user/1'),
(1127, '2018-10-10 18:51:24', '', '', '', '', '127.0.0.1', '/api/users/user', 'api', 'users', 'API called : users/user/1'),
(1128, '2018-10-10 18:52:47', '', '', '', '', '127.0.0.1', '/api/users/user', 'api', 'users', 'API called : users/user/1'),
(1129, '2018-10-10 18:54:26', '', '', '', '', '127.0.0.1', '/api/users/user', 'api', 'users', 'API called : users/user/1'),
(1130, '2018-10-10 18:59:38', '', '', '', '', '127.0.0.1', '/api/users/user', 'api', 'users', 'API called : users/user/1'),
(1131, '2018-10-10 19:05:15', '', '', '', '', '127.0.0.1', '/api/users/user', 'api', 'users', 'API called : users/user/1'),
(1132, '2018-10-10 19:05:28', '', '', '', '', '127.0.0.1', '/api/users/user', 'api', 'users', 'API called : users/user/1'),
(1133, '2018-10-10 19:07:16', '', '', '', '', '127.0.0.1', '/api/users/user', 'api', 'users', 'API called : users/user/1'),
(1134, '2018-10-10 19:10:07', '', '', '', '', '127.0.0.1', '/api/users/user', 'api', 'users', 'API called : users/user/1'),
(1135, '2018-10-10 19:12:56', '', '', '', '', '127.0.0.1', '/api/users/user', 'api', 'users', 'API called : users/user/1'),
(1136, '2018-10-10 19:15:28', '', '', '', '', '127.0.0.1', '/api/users/user', 'api', 'users', 'API called : users/user/1'),
(1137, '2018-10-10 19:18:34', '', '', '', '', '127.0.0.1', '/api/users/user', 'api', 'users', 'API called : users/user/1'),
(1138, '2018-10-10 19:19:42', '', '', '', '', '127.0.0.1', '/api/users/user', 'api', 'users', 'API called : users/user/1'),
(1139, '2018-10-10 19:20:26', '', '', '', '', '127.0.0.1', '/api/users/user', 'api', 'users', 'API called : users/user/1'),
(1140, '2018-10-10 19:22:16', '', '', '', '', '127.0.0.1', '/api/users/user', 'api', 'users', 'API called : users/user/1'),
(1141, '2018-10-10 19:24:25', '', '', '', '', '127.0.0.1', '/api/users/user', 'api', 'users', 'API called : users/user/1'),
(1142, '2018-10-10 19:35:52', '', '', '', '', '127.0.0.1', '/api/users/user', 'api', 'users', 'API called : users/user/1'),
(1143, '2018-10-10 19:36:51', '', '', '', '', '127.0.0.1', '/api/users/user', 'api', 'users', 'API called : users/user/1'),
(1144, '2018-10-10 19:41:12', '', '', '', '', '127.0.0.1', '/api/users/user', 'api', 'users', 'API called : users/user/1'),
(1145, '2018-10-10 19:42:00', '', '', '', '', '127.0.0.1', '/api/users/stats', 'api', 'users', 'API called : users/stats/1/insert/1/1539193319/token/'),
(1146, '2018-10-10 19:42:17', '', '', '', '', '127.0.0.1', '/api/users/stats', 'api', 'users', 'API called : users/stats/1/month/10/2018'),
(1147, '2018-10-10 19:42:19', '', '', '', '', '127.0.0.1', '/api/users/stats', 'api', 'users', 'API called : users/stats/1/days/2018-10-10'),
(1148, '2018-10-10 19:42:28', '', '', '', '', '127.0.0.1', '/api/users/user', 'api', 'users', 'API called : users/user/1'),
(1149, '2018-10-10 19:52:26', '', '', '', '', '127.0.0.1', '/api/users/user', 'api', 'users', 'API called : users/user/1'),
(1150, '2018-10-10 19:52:56', '', '', '', '', '127.0.0.1', '/api/users/stats', 'api', 'users', 'API called : users/stats/1/insert/4/1539193975/token/'),
(1151, '2018-10-10 19:55:47', '', '', '', '', '127.0.0.1', '/api/users/user', 'api', 'users', 'API called : users/user/1'),
(1152, '2018-10-10 19:56:35', '', '', '', '', '127.0.0.1', '/api/users/stats', 'api', 'users', 'API called : users/stats/1/insert/3/1539194195/token/'),
(1153, '2018-10-10 19:56:56', '', '', '', '', '127.0.0.1', '/api/users/stats', 'api', 'users', 'API called : users/stats/1/month/10/2018'),
(1154, '2018-10-10 19:56:59', '', '', '', '', '127.0.0.1', '/api/users/stats', 'api', 'users', 'API called : users/stats/1/month/11/2018'),
(1155, '2018-10-10 19:57:22', '', '', '', '', '127.0.0.1', '/api/users/user', 'api', 'users', 'API called : users/user/1'),
(1156, '2018-10-10 19:57:30', '', '', '', '', '127.0.0.1', '/api/users/user', 'api', 'users', 'API called : users/user/1'),
(1157, '2018-10-10 19:57:35', '', '', '', '', '127.0.0.1', '/api/users/user', 'api', 'users', 'API called : users/user/1'),
(1158, '2018-10-10 19:58:02', '', '', '', '', '127.0.0.1', '/api/users/stats', 'api', 'users', 'API called : users/stats/1/insert/2/1539194282/token/'),
(1159, '2018-10-10 19:58:17', '', '', '', '', '127.0.0.1', '/api/users/stats', 'api', 'users', 'API called : users/stats/1/insert/2/1539194297/token/'),
(1160, '2018-10-10 19:58:41', '', '', '', '', '127.0.0.1', '/api/users/user', 'api', 'users', 'API called : users/user/1'),
(1161, '2018-10-10 19:59:22', '', '', '', '', '127.0.0.1', '/api/users/stats', 'api', 'users', 'API called : users/stats/1/insert/2/1539194361/token/'),
(1162, '2018-10-10 20:10:22', '', '', '', '', '127.0.0.1', '/api/users/user', 'api', 'users', 'API called : users/user/1'),
(1163, '2018-10-10 20:10:50', '', '', '', '', '127.0.0.1', '/api/users/stats', 'api', 'users', 'API called : users/stats/1/insert/3/1539195049/token/'),
(1164, '2018-10-10 20:11:24', '', '', '', '', '127.0.0.1', '/api/users/stats', 'api', 'users', 'API called : users/stats/1/days/2018-10-10'),
(1165, '2018-10-10 20:11:36', '', '', '', '', '127.0.0.1', '/api/users/stats', 'api', 'users', 'API called : users/stats/1/month/10/2018'),
(1166, '2018-10-10 20:11:42', '', '', '', '', '127.0.0.1', '/api/users/stats', 'api', 'users', 'API called : users/stats/1/days/2018-10-10'),
(1167, '2018-10-10 20:11:52', '', '', '', '', '127.0.0.1', '/api/users/user', 'api', 'users', 'API called : users/user/1'),
(1168, '2018-10-11 06:36:22', '', '', '', '', '127.0.0.1', '/api/users/user', 'api', 'users', 'API called : users/user/1'),
(1169, '2018-10-11 06:36:33', '', '', '', '', '127.0.0.1', '/api/users/stats', 'api', 'users', 'API called : users/stats/1/month/10/2018'),
(1170, '2018-10-11 06:36:37', '', '', '', '', '127.0.0.1', '/api/users/stats', 'api', 'users', 'API called : users/stats/1/days/2018-10-10'),
(1171, '2018-10-11 06:36:40', '', '', '', '', '127.0.0.1', '/api/users/user', 'api', 'users', 'API called : users/user/1'),
(1172, '2018-10-11 06:38:00', '', '', '', '', '127.0.0.1', '/api/users/user', 'api', 'users', 'API called : users/user/1'),
(1173, '2018-10-11 06:40:10', '', '', '', '', '127.0.0.1', '/api/users/user', 'api', 'users', 'API called : users/user/1'),
(1174, '2018-10-11 06:41:16', '', '', '', '', '127.0.0.1', '/api/users/user', 'api', 'users', 'API called : users/user/1'),
(1175, '2018-10-11 06:41:43', '', '', '', '', '127.0.0.1', '/api/users/user', 'api', 'users', 'API called : users/user/1'),
(1176, '2018-10-11 06:42:05', '', '', '', '', '127.0.0.1', '/api/users/user', 'api', 'users', 'API called : users/user/1'),
(1177, '2018-10-11 06:42:12', '', '', '', '', '127.0.0.1', '/api/users/user', 'api', 'users', 'API called : users/user/[Id]'),
(1178, '2018-10-11 06:45:45', '', '', '', '', '127.0.0.1', '/api/users/user', 'api', 'users', 'API called : users/user/[Id]'),
(1179, '2018-10-11 06:47:03', '', '', '', '', '127.0.0.1', '/api/users/user', 'api', 'users', 'API called : users/user/[Id]'),
(1180, '2018-10-11 06:47:18', '', '', '', '', '127.0.0.1', '/api/users/user', 'api', 'users', 'API called : users/user/[Id]'),
(1181, '2018-10-11 06:49:06', '', '', '', '', '127.0.0.1', '/api/users/user', 'api', 'users', 'API called : users/user/[Id]'),
(1182, '2018-10-11 06:49:19', '', '', '', '', '127.0.0.1', '/api/users/login', 'api', 'users', 'API called : users/login/1539233359/token/admin/empty'),
(1183, '2018-10-11 06:49:41', '', '', '', '', '127.0.0.1', '/api/users/login', 'api', 'users', 'API called : users/login/1539233380/token/empty/admin'),
(1184, '2018-10-11 06:49:51', '', '', '', '', '127.0.0.1', '/api/users/login', 'api', 'users', 'API called : users/login/1539233390/token/admin/admin'),
(1185, '2018-10-11 06:50:09', '', '', '', '', '127.0.0.1', '/api/users/user', 'api', 'users', 'API called : users/user/1'),
(1186, '2018-10-11 06:50:37', '', '', '', '', '127.0.0.1', '/api/users/user', 'api', 'users', 'API called : users/user/[Id]'),
(1187, '2018-10-11 06:50:45', '', '', '', '', '127.0.0.1', '/api/users/login', 'api', 'users', 'API called : users/login/1539233444/token/admin/admin'),
(1188, '2018-10-11 06:50:46', '', '', '', '', '127.0.0.1', '/api/users/user', 'api', 'users', 'API called : users/user/1'),
(1189, '2018-10-11 06:51:31', '', '', '', '', '127.0.0.1', '/api/users/user', 'api', 'users', 'API called : users/user/1'),
(1190, '2018-10-11 06:52:04', '', '', '', '', '127.0.0.1', '/api/users/user', 'api', 'users', 'API called : users/user/1'),
(1191, '2018-10-11 06:52:14', '', '', '', '', '127.0.0.1', '/api/users/user', 'api', 'users', 'API called : users/user/1'),
(1192, '2018-10-11 06:54:08', '', '', '', '', '127.0.0.1', '/api/users/user', 'api', 'users', 'API called : users/user/1'),
(1193, '2018-10-11 07:10:05', '', '', '', '', '127.0.0.1', '/api/users/user', 'api', 'users', 'API called : users/user/1'),
(1194, '2018-10-11 07:12:47', '', '', '', '', '127.0.0.1', '/api/users/user', 'api', 'users', 'API called : users/user/1'),
(1195, '2018-10-11 07:14:05', '', '', '', '', '127.0.0.1', '/api/users/user', 'api', 'users', 'API called : users/user/1'),
(1196, '2018-10-11 07:14:28', '', '', '', '', '127.0.0.1', '/api/users/user', 'api', 'users', 'API called : users/user/1'),
(1197, '2018-10-11 07:14:46', '', '', '', '', '127.0.0.1', '/api/users/user', 'api', 'users', 'API called : users/user/1'),
(1198, '2018-10-11 07:15:02', '', '', '', '', '127.0.0.1', '/api/users/user', 'api', 'users', 'API called : users/user/1'),
(1199, '2018-10-11 07:15:07', '', '', '', '', '127.0.0.1', '/api/users/user', 'api', 'users', 'API called : users/user/1'),
(1200, '2018-10-11 07:16:34', '', '', '', '', '127.0.0.1', '/api/users/user', 'api', 'users', 'API called : users/user/1'),
(1201, '2018-10-11 07:16:43', '', '', '', '', '127.0.0.1', '/api/users/user', 'api', 'users', 'API called : users/user/1'),
(1202, '2018-10-11 07:16:47', '', '', '', '', '127.0.0.1', '/api/users/user', 'api', 'users', 'API called : users/user/1'),
(1203, '2018-10-11 07:17:08', '', '', '', '', '127.0.0.1', '/api/users/user', 'api', 'users', 'API called : users/user/1'),
(1204, '2018-10-11 07:17:11', '', '', '', '', '127.0.0.1', '/api/users/user', 'api', 'users', 'API called : users/user/1'),
(1205, '2018-10-11 07:17:14', '', '', '', '', '127.0.0.1', '/api/users/user', 'api', 'users', 'API called : users/user/1'),
(1206, '2018-10-11 07:17:16', '', '', '', '', '127.0.0.1', '/api/users/user', 'api', 'users', 'API called : users/user/1'),
(1207, '2018-10-11 07:17:19', '', '', '', '', '127.0.0.1', '/api/users/user', 'api', 'users', 'API called : users/user/1'),
(1208, '2018-10-11 07:17:25', '', '', '', '', '127.0.0.1', '/api/users/user', 'api', 'users', 'API called : users/user/1'),
(1209, '2018-10-11 07:17:28', '', '', '', '', '127.0.0.1', '/api/users/user', 'api', 'users', 'API called : users/user/1'),
(1210, '2018-10-11 07:17:34', '', '', '', '', '127.0.0.1', '/api/users/user', 'api', 'users', 'API called : users/user/1'),
(1211, '2018-10-11 07:18:02', '', '', '', '', '127.0.0.1', '/api/users/user', 'api', 'users', 'API called : users/user/1'),
(1212, '2018-10-11 07:18:06', '', '', '', '', '127.0.0.1', '/api/users/user', 'api', 'users', 'API called : users/user/1'),
(1213, '2018-10-11 07:18:09', '', '', '', '', '127.0.0.1', '/api/users/user', 'api', 'users', 'API called : users/user/1'),
(1214, '2018-10-11 07:18:12', '', '', '', '', '127.0.0.1', '/api/users/user', 'api', 'users', 'API called : users/user/1'),
(1215, '2018-10-11 07:18:14', '', '', '', '', '127.0.0.1', '/api/users/user', 'api', 'users', 'API called : users/user/1'),
(1216, '2018-10-11 07:18:17', '', '', '', '', '127.0.0.1', '/api/users/user', 'api', 'users', 'API called : users/user/1'),
(1217, '2018-10-11 07:18:25', '', '', '', '', '127.0.0.1', '/api/users/user', 'api', 'users', 'API called : users/user/1'),
(1218, '2018-10-11 07:18:28', '', '', '', '', '127.0.0.1', '/api/users/user', 'api', 'users', 'API called : users/user/1'),
(1219, '2018-10-11 07:18:31', '', '', '', '', '127.0.0.1', '/api/users/user', 'api', 'users', 'API called : users/user/1'),
(1220, '2018-10-11 07:18:34', '', '', '', '', '127.0.0.1', '/api/users/user', 'api', 'users', 'API called : users/user/1'),
(1221, '2018-10-11 07:22:27', '', '', '', '', '127.0.0.1', '/api/users/user', 'api', 'users', 'API called : users/user/1'),
(1222, '2018-10-11 07:26:18', '', '', '', '', '127.0.0.1', '/api/users/user', 'api', 'users', 'API called : users/user/1'),
(1223, '2018-10-11 16:14:42', '', '', '', '', '127.0.0.1', '/api/users/user', 'api', 'users', 'API called : users/user/1'),
(1224, '2018-10-12 06:36:06', '', '', '', '', '212.147.13.57', '', '', '', 'Login SUCCESS'),
(1225, '2018-10-12 06:38:33', '', '', '', '', '212.147.13.57', '/api/users/user', 'api', 'users', 'API called : users/user/[Id]'),
(1226, '2018-10-12 06:38:55', '', '', '', '', '212.147.13.57', '/api/users/user', 'api', 'users', 'API called : users/user/[Id]'),
(1227, '2018-10-12 06:39:12', '', '', '', '', '212.147.13.57', '/api/users/login', 'api', 'users', 'API called : users/login/1539319325/token/admin/admin'),
(1228, '2018-10-12 06:39:13', '', '', '', '', '212.147.13.57', '/api/users/user', 'api', 'users', 'API called : users/user/1'),
(1229, '2018-10-12 06:46:35', '', '', '', '', '212.147.13.57', '/api/users/user', 'api', 'users', 'API called : users/user/[Id]'),
(1230, '2018-10-12 06:54:46', '', '', '', '', '212.147.13.57', '', 'login', 'disconnect', 'LOGOUT'),
(1231, '2018-10-12 06:54:51', '', '', 'admin', '', '212.147.13.57', '', '', '', 'Login FAIL'),
(1232, '2018-10-12 06:55:02', '', '', '', '', '212.147.13.57', '', '', '', 'Login SUCCESS'),
(1233, '2018-10-12 07:01:01', '', '', '', '', '212.147.13.57', '/api/users/user', 'api', 'users', 'API called : users/user/[Id]'),
(1234, '2018-10-12 07:01:20', '', '', '', '', '212.147.13.57', '/api/users/user', 'api', 'users', 'API called : users/user/[Id]'),
(1235, '2018-10-12 07:01:31', '', '', '', '', '212.147.13.57', '/api/users/user', 'api', 'users', 'API called : users/user/[Id]'),
(1236, '2018-10-12 07:01:40', '', '', '', '', '212.147.13.57', '/api/users/login', 'api', 'users', 'API called : users/login/1539320673/token/admin/admin'),
(1237, '2018-10-12 07:02:02', '', '', '', '', '212.147.13.57', '/api/users/login', 'api', 'users', 'API called : users/login/1539320695/token/vitabulle/vitabulle2018!!!'),
(1238, '2018-10-12 07:02:02', '', '', '', '', '212.147.13.57', '/api/users/user', 'api', 'users', 'API called : users/user/1'),
(1239, '2018-10-12 07:02:55', '', '', '', '', '212.147.13.57', '/api/users/stats', 'api', 'users', 'API called : users/stats/1/insert/4/1539320748/token/'),
(1240, '2018-10-12 07:03:04', '', '', '', '', '212.147.13.57', '/api/users/stats', 'api', 'users', 'API called : users/stats/1/days/2018-10-12'),
(1241, '2018-10-12 07:03:08', '', '', '', '', '212.147.13.57', '/api/users/stats', 'api', 'users', 'API called : users/stats/1/month/10/2018'),
(1242, '2018-10-12 07:03:11', '', '', '', '', '212.147.13.57', '/api/users/stats', 'api', 'users', 'API called : users/stats/1/days/2018-10-10'),
(1243, '2018-10-12 07:03:14', '', '', '', '', '212.147.13.57', '/api/users/stats', 'api', 'users', 'API called : users/stats/1/month/10/2018'),
(1244, '2018-10-12 07:03:15', '', '', '', '', '212.147.13.57', '/api/users/stats', 'api', 'users', 'API called : users/stats/1/days/2018-10-12'),
(1245, '2018-10-12 07:03:18', '', '', '', '', '212.147.13.57', '/api/users/user', 'api', 'users', 'API called : users/user/1'),
(1246, '2018-10-12 07:03:29', '', '', '', '', '212.147.13.57', '/api/users/user', 'api', 'users', 'API called : users/user/[Id]'),
(1247, '2018-10-12 10:26:35', '', '', '', '', '212.147.13.57', '/api/users/user', 'api', 'users', 'API called : users/user/[Id]'),
(1248, '2018-10-12 10:26:58', '', '', '', '', '212.147.13.57', '/api/users/login', 'api', 'users', 'API called : users/login/1539332991/token/vietabulle/vitabulle2018'),
(1249, '2018-10-12 10:27:13', '', '', '', '', '212.147.13.57', '/api/users/login', 'api', 'users', 'API called : users/login/1539333005/token/vietabulle/vietabulle2018!!!'),
(1250, '2018-10-12 10:27:36', '', '', '', '', '212.147.13.57', '/api/users/login', 'api', 'users', 'API called : users/login/1539333028/token/vitabulle/vitabulle2018!!!'),
(1251, '2018-10-12 10:27:36', '', '', '', '', '212.147.13.57', '/api/users/user', 'api', 'users', 'API called : users/user/1'),
(1252, '2018-10-12 10:28:01', '', '', '', '', '212.147.13.57', '/api/users/user', 'api', 'users', 'API called : users/user/1'),
(1253, '2018-10-12 10:28:15', '', '', '', '', '212.147.13.57', '/api/users/stats', 'api', 'users', 'API called : users/stats/1/month/10/2018'),
(1254, '2018-10-12 10:28:18', '', '', '', '', '212.147.13.57', '/api/users/stats', 'api', 'users', 'API called : users/stats/1/days/2018-10-10'),
(1255, '2018-10-12 10:28:23', '', '', '', '', '212.147.13.57', '/api/users/stats', 'api', 'users', 'API called : users/stats/1/month/10/2018'),
(1256, '2018-10-12 10:28:27', '', '', '', '', '212.147.13.57', '/api/users/stats', 'api', 'users', 'API called : users/stats/1/days/2018-10-10'),
(1257, '2018-10-12 10:28:29', '', '', '', '', '212.147.13.57', '/api/users/stats', 'api', 'users', 'API called : users/stats/1/month/10/2018'),
(1258, '2018-10-12 10:28:31', '', '', '', '', '212.147.13.57', '/api/users/stats', 'api', 'users', 'API called : users/stats/1/month/9/2018'),
(1259, '2018-10-12 10:28:33', '', '', '', '', '212.147.13.57', '/api/users/stats', 'api', 'users', 'API called : users/stats/1/month/10/2018'),
(1260, '2018-10-12 10:28:33', '', '', '', '', '212.147.13.57', '/api/users/stats', 'api', 'users', 'API called : users/stats/1/month/11/2018'),
(1261, '2018-10-12 10:28:34', '', '', '', '', '212.147.13.57', '/api/users/user', 'api', 'users', 'API called : users/user/1'),
(1262, '2018-10-12 10:28:49', '', '', '', '', '212.147.13.57', '/api/users/user', 'api', 'users', 'API called : users/user/[Id]'),
(1263, '2018-10-12 10:28:57', '', '', '', '', '212.147.13.57', '/api/users/user', 'api', 'users', 'API called : users/user/[Id]'),
(1264, '2018-10-12 10:29:04', '', '', '', '', '212.147.13.57', '/api/users/user', 'api', 'users', 'API called : users/user/[Id]'),
(1265, '2018-10-12 10:29:08', '', '', '', '', '212.147.13.57', '/api/users/login', 'api', 'users', 'API called : users/login/1539333120/token/vitabulle/vitabulle2018!!!'),
(1266, '2018-10-12 10:29:08', '', '', '', '', '212.147.13.57', '/api/users/user', 'api', 'users', 'API called : users/user/1'),
(1267, '2018-10-12 10:29:14', '', '', '', '', '212.147.13.57', '/api/users/user', 'api', 'users', 'API called : users/user/[Id]'),
(1268, '2018-10-12 11:04:34', '', '', '', '', '212.147.13.57', '/api/users/user', 'api', 'users', 'API called : users/user/[Id]'),
(1269, '2018-10-12 11:05:12', '', '', '', '', '212.147.13.57', '/api/users/login', 'api', 'users', 'API called : users/login/1539335284/token/vitabulle/vitabulle2018!!!'),
(1270, '2018-10-12 11:05:12', '', '', '', '', '212.147.13.57', '/api/users/user', 'api', 'users', 'API called : users/user/1'),
(1271, '2018-10-12 11:05:20', '', '', '', '', '212.147.13.57', '/api/users/user', 'api', 'users', 'API called : users/user/1'),
(1272, '2018-10-12 11:06:10', '', '', '', '', '212.147.13.57', '/api/users/stats', 'api', 'users', 'API called : users/stats/1/insert/3/1539335342/token/'),
(1273, '2018-10-12 11:06:14', '', '', '', '', '212.147.13.57', '/api/users/stats', 'api', 'users', 'API called : users/stats/1/days/2018-10-12'),
(1274, '2018-10-12 11:06:20', '', '', '', '', '212.147.13.57', '/api/users/stats', 'api', 'users', 'API called : users/stats/1/month/10/2018'),
(1275, '2018-10-12 11:06:23', '', '', '', '', '212.147.13.57', '/api/users/stats', 'api', 'users', 'API called : users/stats/1/days/2018-10-12'),
(1276, '2018-10-12 11:06:25', '', '', '', '', '212.147.13.57', '/api/users/stats', 'api', 'users', 'API called : users/stats/1/month/10/2018'),
(1277, '2018-10-12 11:06:26', '', '', '', '', '212.147.13.57', '/api/users/stats', 'api', 'users', 'API called : users/stats/1/days/2018-10-10'),
(1278, '2018-10-12 11:06:36', '', '', '', '', '212.147.13.57', '/api/users/stats', 'api', 'users', 'API called : users/stats/1/month/10/2018'),
(1279, '2018-10-12 11:06:38', '', '', '', '', '212.147.13.57', '/api/users/stats', 'api', 'users', 'API called : users/stats/1/days/2018-10-12'),
(1280, '2018-10-12 11:06:49', '', '', '', '', '212.147.13.57', '/api/users/user', 'api', 'users', 'API called : users/user/1'),
(1281, '2018-10-12 11:07:04', '', '', '', '', '212.147.13.57', '/api/users/user', 'api', 'users', 'API called : users/user/[Id]'),
(1282, '2018-10-14 19:33:46', '', '', '', '', '212.147.13.57', '/api/users/user', 'api', 'users', 'API called : users/user/[Id]'),
(1283, '2018-10-14 19:33:56', '', '', '', '', '212.147.13.57', '/api/users/user', 'api', 'users', 'API called : users/user/[Id]'),
(1284, '2018-10-14 19:35:08', '', '', '', '', '212.147.13.57', '/api/users/login', 'api', 'users', 'API called : users/login/1539538678/token/vitabulle/vitabulle2018!!!'),
(1285, '2018-10-14 19:35:08', '', '', '', '', '212.147.13.57', '/api/users/user', 'api', 'users', 'API called : users/user/1'),
(1286, '2018-10-14 19:35:20', '', '', '', '', '212.147.13.57', '/api/users/stats', 'api', 'users', 'API called : users/stats/1/month/10/2018'),
(1287, '2018-10-14 19:35:45', '', '', '', '', '212.147.13.57', '/api/users/stats', 'api', 'users', 'API called : users/stats/1/days/2018-10-12'),
(1288, '2018-10-14 19:36:00', '', '', '', '', '212.147.13.57', '/api/users/stats', 'api', 'users', 'API called : users/stats/1/month/10/2018'),
(1289, '2018-10-14 19:36:15', '', '', '', '', '212.147.13.57', '/api/users/stats', 'api', 'users', 'API called : users/stats/1/days/2018-10-12'),
(1290, '2018-10-14 19:36:22', '', '', '', '', '212.147.13.57', '/api/users/user', 'api', 'users', 'API called : users/user/1'),
(1291, '2018-10-15 06:57:22', '', '', '', '', '212.147.13.57', '/api/users/stats', 'api', 'users', 'API called : users/stats/1/month/10/2018'),
(1292, '2018-10-15 06:57:26', '', '', '', '', '212.147.13.57', '/api/users/stats', 'api', 'users', 'API called : users/stats/1/month/11/2018'),
(1293, '2018-10-15 06:57:26', '', '', '', '', '212.147.13.57', '/api/users/stats', 'api', 'users', 'API called : users/stats/1/month/12/2018'),
(1294, '2018-10-15 06:57:27', '', '', '', '', '212.147.13.57', '/api/users/stats', 'api', 'users', 'API called : users/stats/1/month/1/2019'),
(1295, '2018-10-15 06:57:30', '', '', '', '', '212.147.13.57', '/api/users/stats', 'api', 'users', 'API called : users/stats/1/month/12/2018'),
(1296, '2018-10-15 06:57:30', '', '', '', '', '212.147.13.57', '/api/users/stats', 'api', 'users', 'API called : users/stats/1/month/11/2018'),
(1297, '2018-10-15 06:57:31', '', '', '', '', '212.147.13.57', '/api/users/stats', 'api', 'users', 'API called : users/stats/1/month/10/2018'),
(1298, '2018-10-15 06:57:33', '', '', '', '', '212.147.13.57', '/api/users/stats', 'api', 'users', 'API called : users/stats/1/days/2018-10-12'),
(1299, '2018-10-15 06:57:50', '', '', '', '', '212.147.13.57', '/api/users/stats', 'api', 'users', 'API called : users/stats/1/month/10/2018'),
(1300, '2018-10-15 06:57:59', '', '', '', '', '212.147.13.57', '/api/users/stats', 'api', 'users', 'API called : users/stats/1/days/2018-10-12'),
(1301, '2018-10-15 10:21:53', '', '', '', '', '212.147.13.57', '/api/users/user', 'api', 'users', 'API called : users/user/[Id]'),
(1302, '2018-10-15 10:22:00', '', '', '', '', '212.147.13.57', '/api/users/login', 'api', 'users', 'API called : users/login/1539591889/token/empty/empty'),
(1303, '2018-10-15 10:22:00', '', '', '', '', '212.147.13.57', '/api/users/login', 'api', 'users', 'API called : users/login/1539591889/token/empty/empty'),
(1304, '2018-10-15 10:22:23', '', '', '', '', '212.147.13.57', '/api/users/login', 'api', 'users', 'API called : users/login/1539591912/token/vitabulle/vitabulle2018!!!'),
(1305, '2018-10-15 10:22:23', '', '', '', '', '212.147.13.57', '/api/users/user', 'api', 'users', 'API called : users/user/1'),
(1306, '2018-10-15 10:22:56', '', '', '', '', '212.147.13.57', '/api/users/stats', 'api', 'users', 'API called : users/stats/1/month/10/2018'),
(1307, '2018-10-15 10:22:58', '', '', '', '', '212.147.13.57', '/api/users/stats', 'api', 'users', 'API called : users/stats/1/days/2018-10-12'),
(1308, '2018-10-15 10:23:00', '', '', '', '', '212.147.13.57', '/api/users/stats', 'api', 'users', 'API called : users/stats/1/days/2018-9-30'),
(1309, '2018-10-15 10:23:02', '', '', '', '', '212.147.13.57', '/api/users/user', 'api', 'users', 'API called : users/user/1'),
(1310, '2018-10-15 10:23:07', '', '', '', '', '212.147.13.57', '/api/users/stats', 'api', 'users', 'API called : users/stats/1/month/10/2018'),
(1311, '2018-10-15 10:23:12', '', '', '', '', '212.147.13.57', '/api/users/stats', 'api', 'users', 'API called : users/stats/1/days/2018-10-16'),
(1312, '2018-10-15 10:23:14', '', '', '', '', '212.147.13.57', '/api/users/user', 'api', 'users', 'API called : users/user/1'),
(1313, '2018-10-15 10:23:21', '', '', '', '', '212.147.13.57', '/api/users/stats', 'api', 'users', 'API called : users/stats/1/month/10/2018'),
(1314, '2018-10-15 10:23:23', '', '', '', '', '212.147.13.57', '/api/users/stats', 'api', 'users', 'API called : users/stats/1/days/2018-10-16'),
(1315, '2018-10-15 10:23:29', '', '', '', '', '212.147.13.57', '/api/users/stats', 'api', 'users', 'API called : users/stats/1/month/10/2018'),
(1316, '2018-10-15 10:23:31', '', '', '', '', '212.147.13.57', '/api/users/stats', 'api', 'users', 'API called : users/stats/1/days/2018-10-16'),
(1317, '2018-10-15 10:23:47', '', '', '', '', '212.147.13.57', '/api/users/stats', 'api', 'users', 'API called : users/stats/1/month/10/2018'),
(1318, '2018-10-15 10:23:50', '', '', '', '', '212.147.13.57', '/api/users/user', 'api', 'users', 'API called : users/user/1'),
(1319, '2018-10-15 10:24:13', '', '', '', '', '212.147.13.57', '/api/users/stats', 'api', 'users', 'API called : users/stats/1/month/10/2018'),
(1320, '2018-10-15 10:26:23', '', '', '', '', '212.147.13.57', '/api/users/user', 'api', 'users', 'API called : users/user/1'),
(1321, '2018-10-18 13:18:21', '', '', '', '', '212.147.13.57', '/api/users/user', 'api', 'users', 'API called : users/user/1'),
(1322, '2018-10-18 13:18:49', '', '', '', '', '212.147.13.57', '/api/users/user', 'api', 'users', 'API called : users/user/[Id]'),
(1323, '2018-10-18 13:19:10', '', '', '', '', '212.147.13.57', '/api/users/subscribe', 'api', 'users', 'API called : users/subscribe/1539861715/token/olivier.dommange@gmail.com/123456'),
(1324, '2018-10-18 13:19:10', '', '', '', '', '212.147.13.57', '/api/users/user', 'api', 'users', 'API called : users/user/40'),
(1325, '2018-10-18 18:01:42', '', '', '', '', '66.249.81.118', '/api/users/user', 'api', 'users', 'API called : users/user/[Id]'),
(1326, '2018-10-18 18:02:23', '', '', '', '', '66.249.81.118', '/api/users/login', 'api', 'users', 'API called : users/login/1539878542/token/vitabulle/vitabulle2018!!!'),
(1327, '2018-10-18 18:02:24', '', '', '', '', '66.249.81.120', '/api/users/user', 'api', 'users', 'API called : users/user/1'),
(1328, '2018-10-18 18:22:10', '', '', '', '', '66.249.81.120', '/api/users/stats', 'api', 'users', 'API called : users/stats/1/insert/3/1539879729/token/'),
(1329, '2018-10-18 18:22:14', '', '', '', '', '66.249.81.120', '/api/users/stats', 'api', 'users', 'API called : users/stats/1/days/2018-10-18'),
(1330, '2018-10-18 19:45:04', '', '', '', '', '66.249.81.118', '/api/users/stats', 'api', 'users', 'API called : users/stats/1/month/10/2018'),
(1331, '2018-10-18 19:45:09', '', '', '', '', '66.249.81.118', '/api/users/user', 'api', 'users', 'API called : users/user/1'),
(1332, '2018-10-18 19:45:55', '', '', '', '', '66.249.81.116', '/api/users/user', 'api', 'users', 'API called : users/user/1'),
(1333, '2018-10-18 19:47:27', '', '', '', '', '66.249.81.120', '/api/users/stats', 'api', 'users', 'API called : users/stats/1/insert/3/1539884846/token/'),
(1334, '2018-10-18 19:47:30', '', '', '', '', '66.249.81.116', '/api/users/stats', 'api', 'users', 'API called : users/stats/1/days/2018-10-18'),
(1335, '2018-10-18 19:47:36', '', '', '', '', '66.249.81.118', '/api/users/stats', 'api', 'users', 'API called : users/stats/1/days/2018-10-17'),
(1336, '2018-10-18 19:47:37', '', '', '', '', '66.249.81.118', '/api/users/stats', 'api', 'users', 'API called : users/stats/1/days/2018-10-16'),
(1337, '2018-10-18 19:47:39', '', '', '', '', '66.249.81.120', '/api/users/stats', 'api', 'users', 'API called : users/stats/1/month/10/2018'),
(1338, '2018-10-18 19:47:40', '', '', '', '', '66.249.81.120', '/api/users/stats', 'api', 'users', 'API called : users/stats/1/days/2018-10-10'),
(1339, '2018-10-18 19:47:45', '', '', '', '', '66.249.81.116', '/api/users/stats', 'api', 'users', 'API called : users/stats/1/month/10/2018'),
(1340, '2018-10-18 19:48:07', '', '', '', '', '66.249.81.120', '/api/users/user', 'api', 'users', 'API called : users/user/1'),
(1341, '2018-10-18 19:48:46', '', '', '', '', '66.249.81.118', '/api/users/user', 'api', 'users', 'API called : users/user/1'),
(1342, '2018-10-19 04:47:10', '', '', '', '', '66.249.81.116', '/api/users/user', 'api', 'users', 'API called : users/user/[Id]'),
(1343, '2018-10-19 04:48:06', '', '', '', '', '66.249.81.118', '/api/users/login', 'api', 'users', 'API called : users/login/1539917285/token/empty/empty'),
(1344, '2018-10-19 05:10:34', '', '', '', '', '66.249.81.118', '/api/users/user', 'api', 'users', 'API called : users/user/[Id]'),
(1345, '2018-10-19 05:11:40', '', '', '', '', '66.249.81.120', '/api/users/user', 'api', 'users', 'API called : users/user/[Id]'),
(1346, '2018-10-19 05:12:56', '', '', '', '', '66.249.81.116', '/api/users/user', 'api', 'users', 'API called : users/user/[Id]'),
(1347, '2018-10-19 07:31:37', '', '', '', '', '212.147.13.57', '/api/users/user', 'api', 'users', 'API called : users/user/40'),
(1348, '2018-10-19 07:31:44', '', '', '', '', '212.147.13.57', '/api/users/user', 'api', 'users', 'API called : users/user/[Id]'),
(1349, '2018-10-19 07:32:09', '', '', '', '', '212.147.13.57', '/api/users/subscribe', 'api', 'users', 'API called : users/subscribe/1539927293/token/olivier.dommange@gmail.com/123456'),
(1350, '2018-10-19 07:34:15', '', '', '', '', '212.147.13.57', '/api/users/subscribe', 'api', 'users', 'API called : users/subscribe/1539927420/token/olivier_dommange@yahoo.fr/123456'),
(1351, '2018-10-19 07:34:16', '', '', '', '', '212.147.13.57', '/api/users/user', 'api', 'users', 'API called : users/user/41'),
(1352, '2018-10-19 07:57:55', '', '', '', '', '212.147.13.57', '/api/users/user', 'api', 'users', 'API called : users/user/[Id]'),
(1353, '2018-10-19 07:58:13', '', '', '', '', '212.147.13.57', '/api/users/subscribe', 'api', 'users', 'API called : users/subscribe/1539928858/token/olivier_dommange@yahoo.fr/123456'),
(1354, '2018-10-19 07:58:13', '', '', '', '', '212.147.13.57', '/api/users/user', 'api', 'users', 'API called : users/user/42');
INSERT INTO `systemaudits` (`IdAudit`, `DateAudit`, `FirstnameUserAudit`, `NameUserAudit`, `LoginUserAudit`, `EmailUserAudit`, `IpUserAudit`, `UrlSystemAudit`, `ModuleSystemAudit`, `ActionSystemAudit`, `DescriptionAudit`) VALUES
(1355, '2018-10-19 10:34:45', '', '', '', '', '212.147.13.57', '/api/users/user', 'api', 'users', 'API called : users/user/[Id]'),
(1356, '2018-10-19 10:36:19', '', '', '', '', '212.147.13.57', '/api/users/user', 'api', 'users', 'API called : users/user/[Id]'),
(1357, '2018-10-19 10:37:23', '', '', '', '', '212.147.13.57', '/api/users/user', 'api', 'users', 'API called : users/user/[Id]'),
(1358, '2018-10-19 10:37:39', '', '', '', '', '212.147.13.57', '/api/users/subscribe', 'api', 'users', 'API called : users/subscribe/1539938423/token/olivier.dommange@gmail.com/123456'),
(1359, '2018-10-19 10:52:53', '', '', '', '', '66.249.81.120', '/api/users/user', 'api', 'users', 'API called : users/user/[Id]'),
(1360, '2018-10-19 10:53:42', '', '', '', '', '66.249.81.120', '/api/users/login', 'api', 'users', 'API called : users/login/1539939221/token/vatibulle/vitabulle2018!!!'),
(1361, '2018-10-19 10:54:08', '', '', '', '', '66.249.81.120', '/api/users/login', 'api', 'users', 'API called : users/login/1539939247/token/vatibulle/vitabulle2018!!!'),
(1362, '2018-10-19 10:54:26', '', '', '', '', '66.249.81.116', '/api/users/login', 'api', 'users', 'API called : users/login/1539939266/token/vatibulle/vitabulle2018!!!'),
(1363, '2018-10-19 10:57:17', '', '', '', '', '212.147.13.57', '/api/users/user', 'api', 'users', 'API called : users/user/[Id]'),
(1364, '2018-10-19 10:57:33', '', '', '', '', '212.147.13.57', '/api/users/login', 'api', 'users', 'API called : users/login/1539939618/token/vitabulle/vitabulle2018!!!'),
(1365, '2018-10-19 10:57:33', '', '', '', '', '212.147.13.57', '/api/users/user', 'api', 'users', 'API called : users/user/1'),
(1366, '2018-10-19 10:58:04', '', '', '', '', '212.147.13.57', '/api/users/user', 'api', 'users', 'API called : users/user/[Id]'),
(1367, '2018-10-19 10:58:47', '', '', '', '', '212.147.13.57', '/api/users/subscribe', 'api', 'users', 'API called : users/subscribe/1539939664/token/olivier.dommange@gmail.com/123456'),
(1368, '2018-10-19 10:59:55', '', '', '', '', '212.147.13.57', '/api/users/user', 'api', 'users', 'API called : users/user/[Id]'),
(1369, '2018-10-19 11:00:06', '', '', '', '', '212.147.13.57', '/api/users/user', 'api', 'users', 'API called : users/user/[Id]'),
(1370, '2018-10-19 11:00:18', '', '', '', '', '212.147.13.57', '/api/users/login', 'api', 'users', 'API called : users/login/1539939783/token/vitabulle/vitabulle 2018!!!'),
(1371, '2018-10-19 11:00:28', '', '', '', '', '212.147.13.57', '/api/users/login', 'api', 'users', 'API called : users/login/1539939792/token/vitabulle/vitabulle2018!!!'),
(1372, '2018-10-19 11:00:28', '', '', '', '', '212.147.13.57', '/api/users/user', 'api', 'users', 'API called : users/user/1'),
(1373, '2018-10-19 11:01:12', '', '', '', '', '212.147.13.57', '/api/users/stats', 'api', 'users', 'API called : users/stats/1/insert/3/1539939837/token/'),
(1374, '2018-10-19 11:01:16', '', '', '', '', '212.147.13.57', '/api/users/user', 'api', 'users', 'API called : users/user/1'),
(1375, '2018-10-19 11:02:11', '', '', '', '', '212.147.13.57', '/api/users/stats', 'api', 'users', 'API called : users/stats/1/insert/2/1539939895/token/'),
(1376, '2018-10-19 11:05:30', '', '', '', '', '212.147.13.57', '/api/users/user', 'api', 'users', 'API called : users/user/[Id]'),
(1377, '2018-10-19 11:06:02', '', '', '', '', '212.147.13.57', '/api/users/login', 'api', 'users', 'API called : users/login/1539940127/token/vitabulle/vitabulle2010!!!'),
(1378, '2018-10-19 11:06:13', '', '', '', '', '212.147.13.57', '/api/users/login', 'api', 'users', 'API called : users/login/1539940137/token/vitabulle/vitabulle2010!!!'),
(1379, '2018-10-19 11:06:31', '', '', '', '', '212.147.13.57', '/api/users/login', 'api', 'users', 'API called : users/login/1539940155/token/vitabulle/vitabulle2018!!!'),
(1380, '2018-10-19 11:06:31', '', '', '', '', '212.147.13.57', '/api/users/user', 'api', 'users', 'API called : users/user/1'),
(1381, '2018-10-19 11:06:45', '', '', '', '', '212.147.13.57', '/api/users/user', 'api', 'users', 'API called : users/user/1'),
(1382, '2018-10-19 11:06:46', '', '', '', '', '212.147.13.57', '/api/users/user', 'api', 'users', 'API called : users/user/1'),
(1383, '2018-10-19 11:07:45', '', '', '', '', '212.147.13.57', '/api/users/stats', 'api', 'users', 'API called : users/stats/1/insert/3/1539940229/token/'),
(1384, '2018-10-19 11:07:49', '', '', '', '', '212.147.13.57', '/api/users/stats', 'api', 'users', 'API called : users/stats/1/days/2018-10-19'),
(1385, '2018-10-19 11:07:57', '', '', '', '', '212.147.13.57', '/api/users/stats', 'api', 'users', 'API called : users/stats/1/month/10/2018'),
(1386, '2018-10-19 11:07:59', '', '', '', '', '212.147.13.57', '/api/users/stats', 'api', 'users', 'API called : users/stats/1/days/2018-10-18'),
(1387, '2018-10-19 11:08:02', '', '', '', '', '212.147.13.57', '/api/users/stats', 'api', 'users', 'API called : users/stats/1/days/2018-10-19'),
(1388, '2018-10-19 11:08:04', '', '', '', '', '212.147.13.57', '/api/users/stats', 'api', 'users', 'API called : users/stats/1/days/2018-10-18'),
(1389, '2018-10-19 11:08:05', '', '', '', '', '212.147.13.57', '/api/users/stats', 'api', 'users', 'API called : users/stats/1/days/2018-10-17'),
(1390, '2018-10-19 11:08:06', '', '', '', '', '212.147.13.57', '/api/users/stats', 'api', 'users', 'API called : users/stats/1/month/10/2018'),
(1391, '2018-10-19 11:08:08', '', '', '', '', '212.147.13.57', '/api/users/user', 'api', 'users', 'API called : users/user/1'),
(1392, '2018-10-19 11:22:08', '', '', '', '', '212.147.13.57', '/api/users/user', 'api', 'users', 'API called : users/user/[Id]'),
(1393, '2018-10-19 11:22:58', '', '', '', '', '212.147.13.57', '/api/users/user', 'api', 'users', 'API called : users/user/[Id]'),
(1394, '2018-10-19 11:23:25', '', '', '', '', '212.147.13.57', '/api/users/login', 'api', 'users', 'API called : users/login/1539941169/token/vitabulle/vitabule2018!!!'),
(1395, '2018-10-19 11:23:36', '', '', '', '', '212.147.13.57', '/api/users/login', 'api', 'users', 'API called : users/login/1539941180/token/vitabulle/vitabulle2018!!!'),
(1396, '2018-10-19 11:23:36', '', '', '', '', '212.147.13.57', '/api/users/user', 'api', 'users', 'API called : users/user/1'),
(1397, '2018-10-19 11:31:53', '', '', '', '', '212.147.13.57', '/api/users/stats', 'api', 'users', 'API called : users/stats/1/insert/4/1539941677/token/'),
(1398, '2018-10-19 11:37:07', '', '', '', '', '212.147.13.57', '/api/users/stats', 'api', 'users', 'API called : users/stats/1/days/2018-10-19'),
(1399, '2018-10-19 11:37:22', '', '', '', '', '212.147.13.57', '/api/users/stats', 'api', 'users', 'API called : users/stats/1/days/2018-10-18'),
(1400, '2018-10-19 11:37:34', '', '', '', '', '212.147.13.57', '/api/users/stats', 'api', 'users', 'API called : users/stats/1/days/2018-10-17'),
(1401, '2018-10-19 11:37:38', '', '', '', '', '212.147.13.57', '/api/users/stats', 'api', 'users', 'API called : users/stats/1/month/10/2018'),
(1402, '2018-10-19 11:37:53', '', '', '', '', '212.147.13.57', '/api/users/stats', 'api', 'users', 'API called : users/stats/1/days/2018-10-10'),
(1403, '2018-10-19 11:38:32', '', '', '', '', '212.147.13.57', '/api/users/stats', 'api', 'users', 'API called : users/stats/1/month/10/2018'),
(1404, '2018-10-19 11:38:38', '', '', '', '', '212.147.13.57', '/api/users/stats', 'api', 'users', 'API called : users/stats/1/days/2018-10-10'),
(1405, '2018-10-19 11:38:53', '', '', '', '', '212.147.13.57', '/api/users/stats', 'api', 'users', 'API called : users/stats/1/month/10/2018'),
(1406, '2018-10-19 11:39:15', '', '', '', '', '212.147.13.57', '/api/users/stats', 'api', 'users', 'API called : users/stats/1/days/2018-10-2'),
(1407, '2018-10-19 11:52:39', '', '', '', '', '212.147.13.57', '/api/users/stats', 'api', 'users', 'API called : users/stats/1/month/10/2018'),
(1408, '2018-10-19 11:52:41', '', '', '', '', '212.147.13.57', '/api/users/user', 'api', 'users', 'API called : users/user/1'),
(1409, '2018-10-19 11:52:47', '', '', '', '', '212.147.13.57', '/api/users/user', 'api', 'users', 'API called : users/user/1'),
(1410, '2018-10-19 11:52:55', '', '', '', '', '212.147.13.57', '/api/users/stats', 'api', 'users', 'API called : users/stats/1/month/10/2018'),
(1411, '2018-10-19 11:52:57', '', '', '', '', '212.147.13.57', '/api/users/stats', 'api', 'users', 'API called : users/stats/1/days/2018-10-19'),
(1412, '2018-10-19 11:54:54', '', '', '', '', '212.147.13.57', '/api/users/stats', 'api', 'users', 'API called : users/stats/1/month/10/2018'),
(1413, '2018-10-19 11:54:55', '', '', '', '', '212.147.13.57', '/api/users/user', 'api', 'users', 'API called : users/user/1'),
(1414, '2018-10-19 11:56:12', '', '', '', '', '212.147.13.57', '/api/users/stats', 'api', 'users', 'API called : users/stats/1/month/10/2018'),
(1415, '2018-10-19 11:56:13', '', '', '', '', '212.147.13.57', '/api/users/stats', 'api', 'users', 'API called : users/stats/1/days/2018-10-18'),
(1416, '2018-10-19 11:56:37', '', '', '', '', '212.147.13.57', '/api/users/stats', 'api', 'users', 'API called : users/stats/1/month/10/2018'),
(1417, '2018-10-19 11:56:39', '', '', '', '', '212.147.13.57', '/api/users/user', 'api', 'users', 'API called : users/user/1'),
(1418, '2018-10-19 11:57:23', '', '', '', '', '212.147.13.57', '/api/users/stats', 'api', 'users', 'API called : users/stats/1/month/10/2018'),
(1419, '2018-10-19 11:57:25', '', '', '', '', '212.147.13.57', '/api/users/stats', 'api', 'users', 'API called : users/stats/1/days/2018-10-19'),
(1420, '2018-10-19 16:19:04', '', '', '', '', '212.147.13.57', '/api/users/user', 'api', 'users', 'API called : users/user/1'),
(1421, '2018-10-19 16:21:55', '', '', '', '', '212.147.13.57', '/api/users/user', 'api', 'users', 'API called : users/user/1'),
(1422, '2018-10-19 16:22:43', '', '', '', '', '212.147.13.57', '/api/users/user', 'api', 'users', 'API called : users/user/1'),
(1423, '2018-10-19 19:28:23', '', '', '', '', '212.147.13.57', '/api/users/user', 'api', 'users', 'API called : users/user/1'),
(1424, '2018-10-19 19:28:27', '', '', '', '', '212.147.13.57', '/api/users/stats', 'api', 'users', 'API called : users/stats/1/month/10/2018'),
(1425, '2018-10-19 19:28:29', '', '', '', '', '212.147.13.57', '/api/users/stats', 'api', 'users', 'API called : users/stats/1/days/2018-10-19'),
(1426, '2018-10-19 19:28:41', '', '', '', '', '212.147.13.57', '/api/users/stats', 'api', 'users', 'API called : users/stats/1/days/2018-10-18'),
(1427, '2018-10-19 19:28:46', '', '', '', '', '212.147.13.57', '/api/users/stats', 'api', 'users', 'API called : users/stats/1/days/2018-10-17'),
(1428, '2018-10-19 19:28:50', '', '', '', '', '212.147.13.57', '/api/users/stats', 'api', 'users', 'API called : users/stats/1/days/2018-10-16'),
(1429, '2018-10-19 19:28:53', '', '', '', '', '212.147.13.57', '/api/users/stats', 'api', 'users', 'API called : users/stats/1/days/2018-10-15'),
(1430, '2018-10-19 19:28:56', '', '', '', '', '212.147.13.57', '/api/users/stats', 'api', 'users', 'API called : users/stats/1/days/2018-10-14'),
(1431, '2018-10-19 19:28:57', '', '', '', '', '212.147.13.57', '/api/users/stats', 'api', 'users', 'API called : users/stats/1/days/2018-10-13'),
(1432, '2018-10-19 19:28:58', '', '', '', '', '212.147.13.57', '/api/users/stats', 'api', 'users', 'API called : users/stats/1/days/2018-10-12'),
(1433, '2018-10-19 19:29:03', '', '', '', '', '212.147.13.57', '/api/users/stats', 'api', 'users', 'API called : users/stats/1/days/2018-10-11'),
(1434, '2018-10-19 19:29:04', '', '', '', '', '212.147.13.57', '/api/users/stats', 'api', 'users', 'API called : users/stats/1/days/2018-10-10'),
(1435, '2018-10-19 19:29:13', '', '', '', '', '212.147.13.57', '/api/users/stats', 'api', 'users', 'API called : users/stats/1/days/2018-10-9'),
(1436, '2018-10-19 19:29:15', '', '', '', '', '212.147.13.57', '/api/users/stats', 'api', 'users', 'API called : users/stats/1/days/2018-10-8'),
(1437, '2018-10-19 19:29:21', '', '', '', '', '212.147.13.57', '/api/users/stats', 'api', 'users', 'API called : users/stats/1/days/2018-10-7'),
(1438, '2018-10-19 19:29:24', '', '', '', '', '212.147.13.57', '/api/users/stats', 'api', 'users', 'API called : users/stats/1/days/2018-10-6'),
(1439, '2018-10-20 10:41:38', '', '', '', '', '212.147.13.57', '/api/users/user', 'api', 'users', 'API called : users/user/1'),
(1440, '2018-10-20 10:41:45', '', '', '', '', '212.147.13.57', '/api/users/user', 'api', 'users', 'API called : users/user/1'),
(1441, '2018-10-20 10:41:55', '', '', '', '', '212.147.13.57', '/api/users/user', 'api', 'users', 'API called : users/user/1'),
(1442, '2018-10-20 10:42:13', '', '', '', '', '212.147.13.57', '/api/users/user', 'api', 'users', 'API called : users/user/1'),
(1443, '2018-10-20 10:43:21', '', '', '', '', '212.147.13.57', '/api/users/stats', 'api', 'users', 'API called : users/stats/1/insert/1/1540025164/token/'),
(1444, '2018-10-20 10:43:28', '', '', '', '', '212.147.13.57', '/api/users/user', 'api', 'users', 'API called : users/user/1'),
(1445, '2018-10-20 15:39:24', '', '', '', '', '84.74.225.180', '/api/users/user', 'api', 'users', 'API called : users/user/[Id]'),
(1446, '2018-10-20 15:39:42', '', '', '', '', '84.74.225.180', '/api/users/login', 'api', 'users', 'API called : users/login/1540042783/token/vitabulle/vitabulle2018!!!'),
(1447, '2018-10-20 15:39:43', '', '', '', '', '84.74.225.180', '/api/users/user', 'api', 'users', 'API called : users/user/1'),
(1448, '2018-10-20 15:40:37', '', '', '', '', '84.74.225.180', '/api/users/stats', 'api', 'users', 'API called : users/stats/1/insert/3/1540042839/token/'),
(1449, '2018-10-20 15:40:42', '', '', '', '', '84.74.225.180', '/api/users/stats', 'api', 'users', 'API called : users/stats/1/days/2018-10-20'),
(1450, '2018-10-20 15:40:47', '', '', '', '', '84.74.225.180', '/api/users/stats', 'api', 'users', 'API called : users/stats/1/month/10/2018'),
(1451, '2018-10-20 15:40:49', '', '', '', '', '84.74.225.180', '/api/users/stats', 'api', 'users', 'API called : users/stats/1/days/2018-10-19'),
(1452, '2018-10-20 15:40:59', '', '', '', '', '84.74.225.180', '/api/users/stats', 'api', 'users', 'API called : users/stats/1/month/10/2018'),
(1453, '2018-10-20 15:41:01', '', '', '', '', '84.74.225.180', '/api/users/stats', 'api', 'users', 'API called : users/stats/1/days/2018-10-10'),
(1454, '2018-10-20 15:41:07', '', '', '', '', '84.74.225.180', '/api/users/stats', 'api', 'users', 'API called : users/stats/1/month/10/2018'),
(1455, '2018-10-20 15:41:32', '', '', '', '', '84.74.225.180', '/api/users/stats', 'api', 'users', 'API called : users/stats/1/month/9/2018'),
(1456, '2018-10-20 15:41:35', '', '', '', '', '84.74.225.180', '/api/users/stats', 'api', 'users', 'API called : users/stats/1/month/10/2018'),
(1457, '2018-10-22 10:13:39', '', '', '', '', '212.147.13.57', '/api/users/user', 'api', 'users', 'API called : users/user/[Id]'),
(1458, '2018-10-22 10:13:47', '', '', '', '', '212.147.13.57', '/api/users/user', 'api', 'users', 'API called : users/user/[Id]'),
(1459, '2018-10-22 10:14:02', '', '', '', '', '212.147.13.57', '/api/users/user', 'api', 'users', 'API called : users/user/[Id]'),
(1460, '2018-10-22 10:14:13', '', '', '', '', '212.147.13.57', '/api/users/user', 'api', 'users', 'API called : users/user/[Id]'),
(1461, '2018-10-22 10:14:18', '', '', '', '', '212.147.13.57', '/api/users/login', 'api', 'users', 'API called : users/login/1540196219/token/empty/empty'),
(1462, '2018-10-22 10:14:23', '', '', '', '', '212.147.13.57', '/api/users/login', 'api', 'users', 'API called : users/login/1540196224/token/a/a'),
(1463, '2018-10-22 10:14:32', '', '', '', '', '212.147.13.57', '/api/users/user', 'api', 'users', 'API called : users/user/[Id]'),
(1464, '2018-10-22 10:14:40', '', '', '', '', '212.147.13.57', '/api/users/login', 'api', 'users', 'API called : users/login/1540196241/token/admin/admin'),
(1465, '2018-10-22 10:14:58', '', '', '', '', '212.147.13.57', '/api/users/login', 'api', 'users', 'API called : users/login/1540196259/token/vitabulle/vitabulle2018!!!'),
(1466, '2018-10-22 10:14:58', '', '', '', '', '212.147.13.57', '/api/users/user', 'api', 'users', 'API called : users/user/1'),
(1467, '2018-10-22 10:15:09', '', '', '', '', '212.147.13.57', '/api/users/user', 'api', 'users', 'API called : users/user/1'),
(1468, '2018-10-22 10:15:25', '', '', '', '', '212.147.13.57', '/api/users/user', 'api', 'users', 'API called : users/user/1'),
(1469, '2018-10-22 10:15:36', '', '', '', '', '212.147.13.57', '/api/users/user', 'api', 'users', 'API called : users/user/1'),
(1470, '2018-10-22 10:15:58', '', '', '', '', '212.147.13.57', '/api/users/user', 'api', 'users', 'API called : users/user/1'),
(1471, '2018-10-22 10:16:08', '', '', '', '', '212.147.13.57', '/api/users/user', 'api', 'users', 'API called : users/user/1'),
(1472, '2018-10-22 10:19:46', '', '', '', '', '212.147.13.57', '/api/users/user', 'api', 'users', 'API called : users/user/1'),
(1473, '2018-10-22 10:29:55', '', '', '', '', '212.147.13.57', '/api/users/user', 'api', 'users', 'API called : users/user/1'),
(1474, '2018-10-22 10:30:07', '', '', '', '', '212.147.13.57', '/api/users/user', 'api', 'users', 'API called : users/user/[Id]'),
(1475, '2018-10-22 10:30:12', '', '', '', '', '212.147.13.57', '/api/users/user', 'api', 'users', 'API called : users/user/[Id]'),
(1476, '2018-10-22 10:30:21', '', '', '', '', '212.147.13.57', '/api/users/subscribe', 'api', 'users', 'API called : users/subscribe/1540197182/token/empty/empty'),
(1477, '2018-10-22 10:30:32', '', '', '', '', '212.147.13.57', '/api/users/user', 'api', 'users', 'API called : users/user/[Id]'),
(1478, '2018-10-22 10:34:19', '', '', '', '', '212.147.13.57', '/api/users/login', 'api', 'users', 'API called : users/login/1540197420/token/empty/empty'),
(1479, '2018-10-22 10:34:20', '', '', '', '', '212.147.13.57', '/api/users/user', 'api', 'users', 'API called : users/user/[Id]'),
(1480, '2018-10-22 10:36:41', '', '', '', '', '212.147.13.57', '/api/users/user', 'api', 'users', 'API called : users/user/[Id]'),
(1481, '2018-10-22 10:37:11', '', '', '', '', '212.147.13.57', '/api/users/login', 'api', 'users', 'API called : users/login/1540197592/token/vitabulle/vitabulle2018!!!'),
(1482, '2018-10-22 10:37:11', '', '', '', '', '212.147.13.57', '/api/users/user', 'api', 'users', 'API called : users/user/1'),
(1483, '2018-10-22 10:39:04', '', '', '', '', '212.147.13.57', '/api/users/user', 'api', 'users', 'API called : users/user/[Id]'),
(1484, '2018-10-22 10:39:30', '', '', '', '', '212.147.13.57', '/api/users/subscribe', 'api', 'users', 'API called : users/subscribe/1540197730/token/ond@gmail.com/123456'),
(1485, '2018-10-22 10:39:30', '', '', '', '', '212.147.13.57', '/api/users/user', 'api', 'users', 'API called : users/user/46'),
(1486, '2018-10-22 10:40:37', '', '', '', '', '212.147.13.57', '/api/users/user', 'api', 'users', 'API called : users/user/[Id]'),
(1487, '2018-10-22 10:40:55', '', '', '', '', '212.147.13.57', '/api/users/subscribe', 'api', 'users', 'API called : users/subscribe/1540197815/token/ond@gmail.com/123456'),
(1488, '2018-10-22 10:41:12', '', '', '', '', '212.147.13.57', '/api/users/user', 'api', 'users', 'API called : users/user/[Id]'),
(1489, '2018-10-22 10:41:35', '', '', '', '', '212.147.13.57', '/api/users/login', 'api', 'users', 'API called : users/login/1540197856/token/ond@gmail.com/123456'),
(1490, '2018-10-22 10:41:35', '', '', '', '', '212.147.13.57', '/api/users/user', 'api', 'users', 'API called : users/user/46'),
(1491, '2018-10-22 10:42:09', '', '', '', '', '212.147.13.57', '/api/users/user', 'api', 'users', 'API called : users/user/[Id]'),
(1492, '2018-10-22 10:43:13', '', '', '', '', '212.147.13.57', '/api/users/user', 'api', 'users', 'API called : users/user/[Id]'),
(1493, '2018-10-22 10:46:38', '', '', '', '', '212.147.13.57', '/api/users/user', 'api', 'users', 'API called : users/user/[Id]'),
(1494, '2018-10-22 10:48:15', '', '', '', '', '212.147.13.57', '/api/users/user', 'api', 'users', 'API called : users/user/[Id]'),
(1495, '2018-10-22 13:21:02', '', '', '', '', '212.147.13.57', '/api/users/user', 'api', 'users', 'API called : users/user/46'),
(1496, '2018-10-22 13:21:43', '', '', '', '', '212.147.13.57', '/api/users/user', 'api', 'users', 'API called : users/user/46'),
(1497, '2018-10-22 13:32:50', '', '', '', '', '212.147.57.137', '/api/users/user', 'api', 'users', 'API called : users/user/[Id]'),
(1498, '2018-10-22 13:33:08', '', '', '', '', '212.147.57.137', '/api/users/subscribe', 'api', 'users', 'API called : users/subscribe/1540207989/token/onuroktaych@gmail.com/123456'),
(1499, '2018-10-22 13:33:09', '', '', '', '', '212.147.57.137', '/api/users/user', 'api', 'users', 'API called : users/user/47'),
(1500, '2018-10-22 13:34:15', '', '', '', '', '212.147.57.137', '', '', '', 'Login SUCCESS'),
(1501, '2018-10-22 13:37:11', '', '', '', '', '212.147.57.137', '', 'login', 'disconnect', 'LOGOUT'),
(1502, '2018-10-22 13:38:06', '', '', '', '', '212.147.57.137', '/api/users/stats', 'api', 'users', 'API called : users/stats/47/insert/2/1540208286/token/'),
(1503, '2018-10-22 13:38:15', '', '', '', '', '212.147.57.137', '/api/users/stats', 'api', 'users', 'API called : users/stats/47/days/2018-10-22'),
(1504, '2018-10-22 13:38:40', '', '', '', '', '212.147.57.137', '/api/users/stats', 'api', 'users', 'API called : users/stats/47/month/10/2018'),
(1505, '2018-10-22 13:38:45', '', '', '', '', '212.147.57.137', '/api/users/user', 'api', 'users', 'API called : users/user/47'),
(1506, '2018-10-22 13:39:44', '', '', '', '', '212.147.57.137', '/api/users/stats', 'api', 'users', 'API called : users/stats/47/insert/1/1540208384/token/'),
(1507, '2018-10-22 13:39:46', '', '', '', '', '212.147.57.137', '/api/users/stats', 'api', 'users', 'API called : users/stats/47/days/2018-10-22'),
(1508, '2018-10-22 13:40:18', '', '', '', '', '212.147.57.137', '/api/users/stats', 'api', 'users', 'API called : users/stats/47/month/10/2018'),
(1509, '2018-10-22 13:40:19', '', '', '', '', '212.147.57.137', '/api/users/user', 'api', 'users', 'API called : users/user/47'),
(1510, '2018-10-22 14:07:01', '', '', '', '', '212.147.13.57', '/api/users/login', 'api', 'users', 'API called : users/login/1540210182/token/empty/empty'),
(1511, '2018-10-22 14:07:03', '', '', '', '', '212.147.13.57', '/api/users/user', 'api', 'users', 'API called : users/user/[Id]'),
(1512, '2018-10-22 14:07:27', '', '', '', '', '212.147.13.57', '/api/users/login', 'api', 'users', 'API called : users/login/1540210207/token/vitabulle/vitabulle2018!!!'),
(1513, '2018-10-22 14:07:27', '', '', '', '', '212.147.13.57', '/api/users/user', 'api', 'users', 'API called : users/user/1'),
(1514, '2018-10-22 14:08:29', '', '', '', '', '212.147.13.57', '/api/users/stats', 'api', 'users', 'API called : users/stats/1/insert/3/1540210269/token/'),
(1515, '2018-10-22 14:08:39', '', '', '', '', '212.147.13.57', '/api/users/stats', 'api', 'users', 'API called : users/stats/1/days/2018-10-22'),
(1516, '2018-10-22 14:08:47', '', '', '', '', '212.147.13.57', '/api/users/stats', 'api', 'users', 'API called : users/stats/1/days/2018-10-23'),
(1517, '2018-10-22 14:08:48', '', '', '', '', '212.147.13.57', '/api/users/stats', 'api', 'users', 'API called : users/stats/1/days/2018-10-24'),
(1518, '2018-10-22 14:08:49', '', '', '', '', '212.147.13.57', '/api/users/stats', 'api', 'users', 'API called : users/stats/1/days/2018-10-23'),
(1519, '2018-10-22 14:08:50', '', '', '', '', '212.147.13.57', '/api/users/stats', 'api', 'users', 'API called : users/stats/1/days/2018-10-22'),
(1520, '2018-10-22 14:08:50', '', '', '', '', '212.147.13.57', '/api/users/stats', 'api', 'users', 'API called : users/stats/1/days/2018-10-21'),
(1521, '2018-10-22 14:08:53', '', '', '', '', '212.147.13.57', '/api/users/stats', 'api', 'users', 'API called : users/stats/1/days/2018-10-22'),
(1522, '2018-10-22 14:08:55', '', '', '', '', '212.147.13.57', '/api/users/stats', 'api', 'users', 'API called : users/stats/1/month/10/2018'),
(1523, '2018-10-22 14:09:01', '', '', '', '', '212.147.13.57', '/api/users/stats', 'api', 'users', 'API called : users/stats/1/days/2018-10-20'),
(1524, '2018-10-22 14:09:06', '', '', '', '', '212.147.13.57', '/api/users/stats', 'api', 'users', 'API called : users/stats/1/days/2018-10-19'),
(1525, '2018-10-22 14:09:07', '', '', '', '', '212.147.13.57', '/api/users/stats', 'api', 'users', 'API called : users/stats/1/days/2018-10-18'),
(1526, '2018-10-22 14:09:08', '', '', '', '', '212.147.13.57', '/api/users/stats', 'api', 'users', 'API called : users/stats/1/days/2018-10-17'),
(1527, '2018-10-22 14:09:09', '', '', '', '', '212.147.13.57', '/api/users/stats', 'api', 'users', 'API called : users/stats/1/days/2018-10-16'),
(1528, '2018-10-22 14:09:10', '', '', '', '', '212.147.13.57', '/api/users/stats', 'api', 'users', 'API called : users/stats/1/days/2018-10-15'),
(1529, '2018-10-22 14:09:10', '', '', '', '', '212.147.13.57', '/api/users/stats', 'api', 'users', 'API called : users/stats/1/days/2018-10-14'),
(1530, '2018-10-22 14:09:12', '', '', '', '', '212.147.13.57', '/api/users/stats', 'api', 'users', 'API called : users/stats/1/month/10/2018'),
(1531, '2018-10-22 14:09:18', '', '', '', '', '212.147.13.57', '/api/users/stats', 'api', 'users', 'API called : users/stats/1/days/2018-10-22'),
(1532, '2018-10-22 14:09:22', '', '', '', '', '212.147.13.57', '/api/users/stats', 'api', 'users', 'API called : users/stats/1/month/10/2018'),
(1533, '2018-10-22 14:09:24', '', '', '', '', '212.147.13.57', '/api/users/stats', 'api', 'users', 'API called : users/stats/1/days/2018-10-19'),
(1534, '2018-10-22 14:09:33', '', '', '', '', '212.147.13.57', '/api/users/stats', 'api', 'users', 'API called : users/stats/1/month/10/2018'),
(1535, '2018-10-22 14:09:35', '', '', '', '', '212.147.13.57', '/api/users/stats', 'api', 'users', 'API called : users/stats/1/days/2018-10-19'),
(1536, '2018-10-22 14:09:46', '', '', '', '', '212.147.13.57', '/api/users/stats', 'api', 'users', 'API called : users/stats/1/days/2018-10-18'),
(1537, '2018-10-22 14:09:47', '', '', '', '', '212.147.13.57', '/api/users/stats', 'api', 'users', 'API called : users/stats/1/days/2018-10-19'),
(1538, '2018-10-22 14:09:49', '', '', '', '', '212.147.13.57', '/api/users/stats', 'api', 'users', 'API called : users/stats/1/month/10/2018'),
(1539, '2018-10-22 14:09:51', '', '', '', '', '212.147.13.57', '/api/users/user', 'api', 'users', 'API called : users/user/1'),
(1540, '2018-10-22 14:14:02', '', '', '', '', '212.147.13.57', '/api/users/stats', 'api', 'users', 'API called : users/stats/1/insert/1/1540210603/token/'),
(1541, '2018-10-22 14:14:05', '', '', '', '', '212.147.13.57', '/api/users/stats', 'api', 'users', 'API called : users/stats/1/days/2018-10-22'),
(1542, '2018-10-22 14:14:17', '', '', '', '', '212.147.13.57', '/api/users/stats', 'api', 'users', 'API called : users/stats/1/month/10/2018'),
(1543, '2018-10-22 14:14:27', '', '', '', '', '212.147.13.57', '/api/users/stats', 'api', 'users', 'API called : users/stats/1/days/2018-10-22'),
(1544, '2018-10-22 14:14:29', '', '', '', '', '212.147.13.57', '/api/users/stats', 'api', 'users', 'API called : users/stats/1/month/10/2018'),
(1545, '2018-10-22 14:14:32', '', '', '', '', '212.147.13.57', '/api/users/user', 'api', 'users', 'API called : users/user/1'),
(1546, '2018-10-23 09:02:52', '', '', '', '', '178.197.236.188', '/api/users/user', 'api', 'users', 'API called : users/user/[Id]'),
(1547, '2018-10-23 09:03:30', '', '', '', '', '178.197.236.188', '/api/users/login', 'api', 'users', 'API called : users/login/1540278210/token/vitabulle/vitabulle2018!!!'),
(1548, '2018-10-23 09:03:31', '', '', '', '', '178.197.236.188', '/api/users/user', 'api', 'users', 'API called : users/user/1'),
(1549, '2018-10-23 09:05:23', '', '', '', '', '178.197.233.5', '/api/users/user', 'api', 'users', 'API called : users/user/[Id]'),
(1550, '2018-10-23 09:05:56', '', '', '', '', '178.197.233.5', '/api/users/login', 'api', 'users', 'API called : users/login/1540278356/token/vitabulle/vitabulle2018!!!'),
(1551, '2018-10-23 09:05:56', '', '', '', '', '178.197.233.5', '/api/users/user', 'api', 'users', 'API called : users/user/1'),
(1552, '2018-10-23 09:07:04', '', '', '', '', '212.147.13.57', '/api/users/user', 'api', 'users', 'API called : users/user/[Id]'),
(1553, '2018-10-23 09:07:17', '', '', '', '', '178.197.233.5', '/api/users/stats', 'api', 'users', 'API called : users/stats/1/insert/3/1540278437/token/'),
(1554, '2018-10-23 09:07:40', '', '', '', '', '178.197.233.5', '/api/users/stats', 'api', 'users', 'API called : users/stats/1/days/2018-10-23'),
(1555, '2018-10-23 09:07:57', '', '', '', '', '178.197.233.5', '/api/users/stats', 'api', 'users', 'API called : users/stats/1/days/2018-10-24'),
(1556, '2018-10-23 09:07:59', '', '', '', '', '178.197.233.5', '/api/users/stats', 'api', 'users', 'API called : users/stats/1/days/2018-10-25'),
(1557, '2018-10-23 09:07:59', '', '', '', '', '178.197.233.5', '/api/users/stats', 'api', 'users', 'API called : users/stats/1/days/2018-10-26'),
(1558, '2018-10-23 09:08:01', '', '', '', '', '178.197.233.5', '/api/users/stats', 'api', 'users', 'API called : users/stats/1/month/10/2018'),
(1559, '2018-10-23 09:08:03', '', '', '', '', '178.197.233.5', '/api/users/user', 'api', 'users', 'API called : users/user/1'),
(1560, '2018-10-23 09:17:23', '', '', '', '', '212.147.13.57', '/api/users/user', 'api', 'users', 'API called : users/user/[Id]'),
(1561, '2018-10-23 09:19:24', '', '', '', '', '212.147.13.57', '/api/users/subscribe', 'api', 'users', 'API called : users/subscribe/1540279166/token/user@gmail.com/user1'),
(1562, '2018-10-23 09:19:24', '', '', '', '', '212.147.13.57', '/api/users/user', 'api', 'users', 'API called : users/user/48'),
(1563, '2018-10-23 09:21:03', '', '', '', '', '212.147.13.57', '/api/users/user', 'api', 'users', 'API called : users/user/[Id]'),
(1564, '2018-10-23 09:21:23', '', '', '', '', '212.147.13.57', '/api/users/login', 'api', 'users', 'API called : users/login/1540279286/token/user1@gmail.com/user1'),
(1565, '2018-10-23 09:21:32', '', '', '', '', '212.147.13.57', '/api/users/login', 'api', 'users', 'API called : users/login/1540279295/token/user1@gmail.com/user1'),
(1566, '2018-10-23 09:22:10', '', '', '', '', '212.147.13.57', '/api/users/login', 'api', 'users', 'API called : users/login/1540279332/token/vitabulle/vitabulle2018!!!'),
(1567, '2018-10-23 09:22:10', '', '', '', '', '212.147.13.57', '/api/users/user', 'api', 'users', 'API called : users/user/1'),
(1568, '2018-10-23 09:28:31', '', '', '', '', '212.147.13.57', '/api/users/stats', 'api', 'users', 'API called : users/stats/1/insert/2/1540279713/token/'),
(1569, '2018-10-23 09:30:43', '', '', '', '', '212.147.13.57', '/api/users/stats', 'api', 'users', 'API called : users/stats/1/days/2018-10-23'),
(1570, '2018-10-23 09:31:29', '', '', '', '', '212.147.13.57', '/api/users/stats', 'api', 'users', 'API called : users/stats/1/days/2018-10-22'),
(1571, '2018-10-23 09:31:30', '', '', '', '', '212.147.13.57', '/api/users/stats', 'api', 'users', 'API called : users/stats/1/days/2018-10-21'),
(1572, '2018-10-23 09:31:31', '', '', '', '', '212.147.13.57', '/api/users/stats', 'api', 'users', 'API called : users/stats/1/days/2018-10-20'),
(1573, '2018-10-23 09:31:32', '', '', '', '', '212.147.13.57', '/api/users/stats', 'api', 'users', 'API called : users/stats/1/days/2018-10-19'),
(1574, '2018-10-23 09:31:34', '', '', '', '', '212.147.13.57', '/api/users/stats', 'api', 'users', 'API called : users/stats/1/days/2018-10-18'),
(1575, '2018-10-23 09:31:35', '', '', '', '', '212.147.13.57', '/api/users/stats', 'api', 'users', 'API called : users/stats/1/days/2018-10-17'),
(1576, '2018-10-23 09:31:36', '', '', '', '', '212.147.13.57', '/api/users/stats', 'api', 'users', 'API called : users/stats/1/days/2018-10-16'),
(1577, '2018-10-23 09:31:36', '', '', '', '', '212.147.13.57', '/api/users/stats', 'api', 'users', 'API called : users/stats/1/days/2018-10-15'),
(1578, '2018-10-23 09:31:37', '', '', '', '', '212.147.13.57', '/api/users/stats', 'api', 'users', 'API called : users/stats/1/days/2018-10-14'),
(1579, '2018-10-23 09:31:37', '', '', '', '', '212.147.13.57', '/api/users/stats', 'api', 'users', 'API called : users/stats/1/days/2018-10-13'),
(1580, '2018-10-23 09:31:39', '', '', '', '', '212.147.13.57', '/api/users/stats', 'api', 'users', 'API called : users/stats/1/days/2018-10-14'),
(1581, '2018-10-23 09:31:40', '', '', '', '', '212.147.13.57', '/api/users/stats', 'api', 'users', 'API called : users/stats/1/days/2018-10-15'),
(1582, '2018-10-23 09:31:40', '', '', '', '', '212.147.13.57', '/api/users/stats', 'api', 'users', 'API called : users/stats/1/days/2018-10-16'),
(1583, '2018-10-23 09:31:41', '', '', '', '', '212.147.13.57', '/api/users/stats', 'api', 'users', 'API called : users/stats/1/days/2018-10-17'),
(1584, '2018-10-23 09:31:41', '', '', '', '', '212.147.13.57', '/api/users/stats', 'api', 'users', 'API called : users/stats/1/days/2018-10-18'),
(1585, '2018-10-23 09:31:42', '', '', '', '', '212.147.13.57', '/api/users/stats', 'api', 'users', 'API called : users/stats/1/days/2018-10-19'),
(1586, '2018-10-23 09:33:00', '', '', '', '', '212.147.13.57', '/api/users/stats', 'api', 'users', 'API called : users/stats/1/month/10/2018'),
(1587, '2018-10-23 09:33:14', '', '', '', '', '212.147.13.57', '/api/users/stats', 'api', 'users', 'API called : users/stats/1/days/2018-10-2'),
(1588, '2018-10-23 09:33:24', '', '', '', '', '212.147.13.57', '/api/users/stats', 'api', 'users', 'API called : users/stats/1/month/10/2018'),
(1589, '2018-10-23 09:33:33', '', '', '', '', '212.147.13.57', '/api/users/user', 'api', 'users', 'API called : users/user/1'),
(1590, '2018-10-23 09:39:40', '', '', '', '', '212.147.13.57', '/api/users/stats', 'api', 'users', 'API called : users/stats/1/insert/2/1540280383/token/'),
(1591, '2018-10-23 09:39:42', '', '', '', '', '212.147.13.57', '/api/users/stats', 'api', 'users', 'API called : users/stats/1/days/2018-10-23'),
(1592, '2018-10-23 09:40:04', '', '', '', '', '212.147.13.57', '/api/users/stats', 'api', 'users', 'API called : users/stats/1/month/10/2018'),
(1593, '2018-10-23 09:40:08', '', '', '', '', '212.147.13.57', '/api/users/stats', 'api', 'users', 'API called : users/stats/1/days/2018-10-23'),
(1594, '2018-10-23 09:40:11', '', '', '', '', '212.147.13.57', '/api/users/stats', 'api', 'users', 'API called : users/stats/1/month/10/2018'),
(1595, '2018-10-23 09:40:19', '', '', '', '', '212.147.13.57', '/api/users/stats', 'api', 'users', 'API called : users/stats/1/days/2018-10-23'),
(1596, '2018-10-23 09:40:40', '', '', '', '', '212.147.13.57', '/api/users/stats', 'api', 'users', 'API called : users/stats/1/month/10/2018'),
(1597, '2018-10-23 09:40:57', '', '', '', '', '212.147.13.57', '/api/users/stats', 'api', 'users', 'API called : users/stats/1/days/2018-10-23'),
(1598, '2018-10-23 09:42:01', '', '', '', '', '212.147.13.57', '/api/users/stats', 'api', 'users', 'API called : users/stats/1/month/10/2018'),
(1599, '2018-10-23 09:42:03', '', '', '', '', '212.147.13.57', '/api/users/user', 'api', 'users', 'API called : users/user/1'),
(1600, '2018-10-23 09:45:53', '', '', '', '', '212.147.13.57', '/api/users/stats', 'api', 'users', 'API called : users/stats/1/insert/2/1540280913/token/'),
(1601, '2018-10-23 09:45:54', '', '', '', '', '212.147.13.57', '/api/users/stats', 'api', 'users', 'API called : users/stats/1/days/2018-10-23'),
(1602, '2018-10-23 09:46:29', '', '', '', '', '212.147.13.57', '/api/users/stats', 'api', 'users', 'API called : users/stats/1/month/10/2018'),
(1603, '2018-10-23 09:46:33', '', '', '', '', '212.147.13.57', '/api/users/stats', 'api', 'users', 'API called : users/stats/1/days/2018-10-5'),
(1604, '2018-10-23 14:16:35', '', '', '', '', '212.147.13.57', '/api/users/stats', 'api', 'users', 'API called : users/stats/1/insert/2/1540296995/token/'),
(1605, '2018-10-23 14:16:35', '', '', '', '', '212.147.13.57', '/api/users/stats', 'api', 'users', 'API called : users/stats/1/insert/2/1540296997/token/'),
(1606, '2018-10-23 14:16:37', '', '', '', '', '212.147.13.57', '/api/users/stats', 'api', 'users', 'API called : users/stats/1/days/2018-10-23'),
(1607, '2018-10-23 14:17:01', '', '', '', '', '212.147.13.57', '/api/users/stats', 'api', 'users', 'API called : users/stats/1/month/10/2018'),
(1608, '2018-10-23 14:17:04', '', '', '', '', '212.147.13.57', '/api/users/stats', 'api', 'users', 'API called : users/stats/1/days/2018-10-22'),
(1609, '2018-10-29 11:52:32', '', '', '', '', '212.147.13.57', '/api/users/user', 'api', 'users', 'API called : users/user/1'),
(1610, '2018-11-01 11:12:49', '', '', '', '', '212.147.13.57', '/api/users/user', 'api', 'users', 'API called : users/user/1'),
(1611, '2018-11-01 11:13:03', '', '', '', '', '212.147.13.57', '/api/users/user', 'api', 'users', 'API called : users/user/1'),
(1612, '2018-11-01 11:13:48', '', '', '', '', '212.147.13.57', '/api/users/user', 'api', 'users', 'API called : users/user/1'),
(1613, '2018-11-01 11:21:59', '', '', '', '', '212.147.13.57', '/api/users/user', 'api', 'users', 'API called : users/user/1'),
(1614, '2018-11-01 11:22:15', '', '', '', '', '212.147.13.57', '/api/users/user', 'api', 'users', 'API called : users/user/1'),
(1615, '2018-11-01 13:26:47', '', '', '', '', '212.147.13.57', '/api/users/user', 'api', 'users', 'API called : users/user/1'),
(1616, '2018-11-04 16:19:10', '', '', '', '', '212.147.13.57', '/api/users/user', 'api', 'users', 'API called : users/user/1'),
(1617, '2018-11-04 16:21:38', '', '', '', '', '212.147.13.57', '/api/users/user', 'api', 'users', 'API called : users/user/[Id]'),
(1618, '2018-11-04 16:21:52', '', '', '', '', '212.147.13.57', '/api/users/login', 'api', 'users', 'API called : users/login/1541345057/token/vitabulle/vitabulle2018!!!'),
(1619, '2018-11-04 16:21:52', '', '', '', '', '212.147.13.57', '/api/users/user', 'api', 'users', 'API called : users/user/1'),
(1620, '2018-11-04 16:48:19', '', '', '', '', '212.147.13.57', '/api/users/user', 'api', 'users', 'API called : users/user/[Id]'),
(1621, '2018-11-04 16:48:37', '', '', '', '', '212.147.13.57', '/api/users/login', 'api', 'users', 'API called : users/login/1541346662/token/vitabulle/vitabulle2018!!!'),
(1622, '2018-11-04 16:48:50', '', '', '', '', '212.147.13.57', '/api/users/user', 'api', 'users', 'API called : users/user/[Id]'),
(1623, '2018-11-04 16:49:02', '', '', '', '', '212.147.13.57', '/api/users/login', 'api', 'users', 'API called : users/login/1541346688/token/vitabulle/vitabulle2018!!!'),
(1624, '2018-11-04 16:52:21', '', '', '', '', '212.147.13.57', '/api/users/login', 'api', 'users', 'API called : users/login/1541346886/token/vitabulle/vitabulle2018!!!'),
(1625, '2018-11-04 16:52:21', '', '', '', '', '212.147.13.57', '/api/users/user', 'api', 'users', 'API called : users/user/1'),
(1626, '2018-11-04 16:54:46', '', '', '', '', '212.147.13.57', '/api/users/user', 'api', 'users', 'API called : users/user/1'),
(1627, '2018-11-04 16:54:52', '', '', '', '', '212.147.13.57', '/api/users/stats', 'api', 'users', 'API called : users/stats/1/month/11/2018'),
(1628, '2018-11-04 16:54:56', '', '', '', '', '212.147.13.57', '/api/users/stats', 'api', 'users', 'API called : users/stats/1/month/10/2018'),
(1629, '2018-11-04 16:54:59', '', '', '', '', '212.147.13.57', '/api/users/stats', 'api', 'users', 'API called : users/stats/1/days/2018-10-23'),
(1630, '2018-11-04 16:55:13', '', '', '', '', '212.147.13.57', '/api/users/stats', 'api', 'users', 'API called : users/stats/1/month/11/2018'),
(1631, '2018-11-16 08:53:23', '', '', '', '', '212.147.13.57', '/api/users/user', 'api', 'users', 'API called : users/user/[Id]'),
(1632, '2018-11-16 12:44:38', '', '', '', '', '212.147.13.57', '/api/users/user', 'api', 'users', 'API called : users/user/[Id]'),
(1633, '2018-11-16 12:55:03', '', '', '', '', '212.147.13.57', '/api/users/user', 'api', 'users', 'API called : users/user/1'),
(1634, '2018-11-26 13:24:23', '', '', 'admin', '', '212.147.13.57', '', '', '', 'Login FAIL'),
(1635, '2018-11-26 13:24:41', '', '', 'admin', '', '212.147.13.57', '', '', '', 'Login FAIL'),
(1636, '2018-11-26 13:30:38', '', '', 'admin@user.ch', '', '212.147.13.57', '', '', '', 'Login FAIL'),
(1637, '2018-11-26 13:30:46', '', '', 'admin@user.ch', '', '212.147.13.57', '', '', '', 'Login FAIL'),
(1638, '2018-11-26 13:38:55', '', '', 'admin@user.ch', '', '212.147.13.57', '', '', '', 'Login FAIL'),
(1639, '2018-11-26 13:59:47', '', '', 'admin@user.ch', '', '212.147.13.57', '', '', '', 'Login FAIL'),
(1640, '2018-11-26 14:00:03', '', '', 'admin@user.ch', '', '212.147.13.57', '', '', '', 'Login FAIL'),
(1641, '2018-11-26 14:00:31', '', '', 'admin@user.ch', '', '212.147.13.57', '', '', '', 'Login FAIL'),
(1642, '2018-11-27 07:12:55', '', '', '', '', '212.147.13.57', '/api/users/subscribe', 'api', 'users', 'API called : users/subscribe/1543299333/token/LastnameUser/empty/01/01/1970'),
(1643, '2018-11-27 07:12:55', '', '', '', '', '212.147.13.57', '/api/users/subscribe', 'api', 'users', 'API called : users/subscribe/1543299333/token/LastnameUser/FirstnameUser/empty/01/01/1970'),
(1644, '2018-11-27 07:12:55', '', '', '', '', '212.147.13.57', '/api/users/subscribe', 'api', 'users', 'API called : users/subscribe/1543299333/token/empty/empty/Email@User.com/01/01/1970'),
(1645, '2018-11-27 07:12:55', '', '', '', '', '212.147.13.57', '/api/users/subscribe', 'api', 'users', 'API called : users/subscribe/1543299333/token/LastnameUser/FirstnameUser/Email@User.com/01/01/1970'),
(1646, '2018-11-27 07:12:56', '', '', '', '', '212.147.13.57', '/api/users/login', 'api', 'users', 'API called : users/login/1543299333/token/admin@user.ch/admin'),
(1647, '2018-11-27 07:12:56', '', '', '', '', '212.147.13.57', '/api/users/user', 'api', 'users', 'API called : users/user/21'),
(1648, '2018-11-27 07:12:56', '', '', '', '', '212.147.13.57', '/api/users/stats', 'api', 'users', 'API called : users/stats/21/days/all'),
(1649, '2018-11-27 07:12:56', '', '', '', '', '212.147.13.57', '/api/users/stats', 'api', 'users', 'API called : users/stats/21/days/2018-03-23'),
(1650, '2018-11-27 07:12:56', '', '', '', '', '212.147.13.57', '/api/users/stats', 'api', 'users', 'API called : users/stats/21/insert/4/1543299333/token'),
(1651, '2018-11-27 07:12:56', '', '', '', '', '212.147.13.57', '/api/users/stats', 'api', 'users', 'API called : users/stats/21/week/12/2018'),
(1652, '2018-11-27 07:12:56', '', '', '', '', '212.147.13.57', '/api/users/stats', 'api', 'users', 'API called : users/stats/21/month/03/2018'),
(1653, '2018-11-27 07:14:53', '', '', '', '', '212.147.13.57', '/api/users/subscribe', 'api', 'users', 'API called : users/subscribe/1543299451/token/empty/empty/Email@User.com/01/01/1970'),
(1654, '2018-11-27 07:14:53', '', '', '', '', '212.147.13.57', '/api/users/user', 'api', 'users', 'API called : users/user/21'),
(1655, '2018-11-27 07:14:53', '', '', '', '', '212.147.13.57', '/api/users/subscribe', 'api', 'users', 'API called : users/subscribe/1543299451/token/LastnameUser/empty/01/01/1970'),
(1656, '2018-11-27 07:14:53', '', '', '', '', '212.147.13.57', '/api/users/subscribe', 'api', 'users', 'API called : users/subscribe/1543299451/token/LastnameUser/FirstnameUser/empty/01/01/1970'),
(1657, '2018-11-27 07:14:53', '', '', '', '', '212.147.13.57', '/api/users/subscribe', 'api', 'users', 'API called : users/subscribe/1543299451/token/LastnameUser/FirstnameUser/Email@User.com/01/01/1970'),
(1658, '2018-11-27 07:14:53', '', '', '', '', '212.147.13.57', '/api/users/login', 'api', 'users', 'API called : users/login/1543299451/token/admin@user.ch/admin'),
(1659, '2018-11-27 07:14:53', '', '', '', '', '212.147.13.57', '/api/users/stats', 'api', 'users', 'API called : users/stats/21/days/all'),
(1660, '2018-11-27 07:14:53', '', '', '', '', '212.147.13.57', '/api/users/stats', 'api', 'users', 'API called : users/stats/21/insert/4/1543299451/token'),
(1661, '2018-11-27 07:14:53', '', '', '', '', '212.147.13.57', '/api/users/stats', 'api', 'users', 'API called : users/stats/21/days/2018-03-23'),
(1662, '2018-11-27 07:14:53', '', '', '', '', '212.147.13.57', '/api/users/stats', 'api', 'users', 'API called : users/stats/21/week/12/2018'),
(1663, '2018-11-27 07:14:54', '', '', '', '', '212.147.13.57', '/api/users/stats', 'api', 'users', 'API called : users/stats/21/month/03/2018'),
(1664, '2018-11-27 07:15:17', '', '', '', '', '212.147.13.57', '/api/users/subscribe', 'api', 'users', 'API called : users/subscribe/1543299475/token/empty/empty/Email@User.com/01/01/1970'),
(1665, '2018-11-27 07:15:17', '', '', '', '', '212.147.13.57', '/api/users/subscribe', 'api', 'users', 'API called : users/subscribe/1543299475/token/LastnameUser/empty/01/01/1970'),
(1666, '2018-11-27 07:15:17', '', '', '', '', '212.147.13.57', '/api/users/subscribe', 'api', 'users', 'API called : users/subscribe/1543299475/token/LastnameUser/FirstnameUser/empty/01/01/1970'),
(1667, '2018-11-27 07:15:17', '', '', '', '', '212.147.13.57', '/api/users/subscribe', 'api', 'users', 'API called : users/subscribe/1543299475/token/LastnameUser/FirstnameUser/Email@User.com/01/01/1970'),
(1668, '2018-11-27 07:15:17', '', '', '', '', '212.147.13.57', '/api/users/user', 'api', 'users', 'API called : users/user/21'),
(1669, '2018-11-27 07:15:17', '', '', '', '', '212.147.13.57', '/api/users/login', 'api', 'users', 'API called : users/login/1543299475/token/admin@user.ch/admin'),
(1670, '2018-11-27 07:15:17', '', '', '', '', '212.147.13.57', '/api/users/stats', 'api', 'users', 'API called : users/stats/21/days/2018-03-23'),
(1671, '2018-11-27 07:15:17', '', '', '', '', '212.147.13.57', '/api/users/stats', 'api', 'users', 'API called : users/stats/21/insert/4/1543299475/token'),
(1672, '2018-11-27 07:15:17', '', '', '', '', '212.147.13.57', '/api/users/stats', 'api', 'users', 'API called : users/stats/21/days/all'),
(1673, '2018-11-27 07:15:17', '', '', '', '', '212.147.13.57', '/api/users/stats', 'api', 'users', 'API called : users/stats/21/week/12/2018'),
(1674, '2018-11-27 07:15:17', '', '', '', '', '212.147.13.57', '/api/users/stats', 'api', 'users', 'API called : users/stats/21/month/03/2018'),
(1675, '2018-11-27 07:22:52', '', '', '', '', '212.147.13.57', '/api/users/login', 'api', 'users', 'API called : users/login/1543299930/token/admin@user.ch/admin'),
(1676, '2018-11-27 07:22:52', '', '', '', '', '212.147.13.57', '/api/users/user', 'api', 'users', 'API called : users/user/21'),
(1677, '2018-11-27 07:22:52', '', '', '', '', '212.147.13.57', '/api/users/subscribe', 'api', 'users', 'API called : users/subscribe/1543299930/token/empty/empty/Email@User.com/01/01/1970'),
(1678, '2018-11-27 07:22:52', '', '', '', '', '212.147.13.57', '/api/users/subscribe', 'api', 'users', 'API called : users/subscribe/1543299930/token/LastnameUser/FirstnameUser/Email@User.com/01/01/1970'),
(1679, '2018-11-27 07:22:52', '', '', '', '', '212.147.13.57', '/api/users/subscribe', 'api', 'users', 'API called : users/subscribe/1543299930/token/LastnameUser/FirstnameUser/empty/01/01/1970'),
(1680, '2018-11-27 07:22:52', '', '', '', '', '212.147.13.57', '/api/users/subscribe', 'api', 'users', 'API called : users/subscribe/1543299930/token/LastnameUser/empty/01/01/1970'),
(1681, '2018-11-27 07:22:52', '', '', '', '', '212.147.13.57', '/api/users/stats', 'api', 'users', 'API called : users/stats/21/insert/4/1543299930/token'),
(1682, '2018-11-27 07:22:52', '', '', '', '', '212.147.13.57', '/api/users/stats', 'api', 'users', 'API called : users/stats/21/days/all'),
(1683, '2018-11-27 07:22:52', '', '', '', '', '212.147.13.57', '/api/users/stats', 'api', 'users', 'API called : users/stats/21/days/2018-03-23'),
(1684, '2018-11-27 07:22:52', '', '', '', '', '212.147.13.57', '/api/users/stats', 'api', 'users', 'API called : users/stats/21/week/12/2018'),
(1685, '2018-11-27 07:22:53', '', '', '', '', '212.147.13.57', '/api/users/stats', 'api', 'users', 'API called : users/stats/21/month/03/2018'),
(1686, '2018-11-27 07:50:52', '', '', '', '', '66.249.81.154', '/api/users/subscribe', 'api', 'users', 'API called : users/subscribe/1543301451/token/LastnameUser/FirstnameUser/Email@User.com/01/01/1970'),
(1687, '2018-11-27 07:50:52', '', '', '', '', '66.249.81.156', '/api/users/subscribe', 'api', 'users', 'API called : users/subscribe/1543301451/token/empty/empty/Email@User.com/01/01/1970'),
(1688, '2018-11-27 07:50:52', '', '', '', '', '66.249.81.154', '/api/users/stats', 'api', 'users', 'API called : users/stats/21/days/2018-03-23'),
(1689, '2018-11-27 07:50:52', '', '', '', '', '66.249.81.154', '/api/users/stats', 'api', 'users', 'API called : users/stats/21/days/all'),
(1690, '2018-11-27 07:50:52', '', '', '', '', '66.249.81.158', '/api/users/stats', 'api', 'users', 'API called : users/stats/21/insert/4/1543301451/token'),
(1691, '2018-11-27 07:50:52', '', '', '', '', '66.249.81.158', '/api/users/stats', 'api', 'users', 'API called : users/stats/21/month/03/2018'),
(1692, '2018-11-27 07:50:53', '', '', '', '', '66.249.81.154', '/api/users/login', 'api', 'users', 'API called : users/login/1543301451/token/admin@user.ch/admin'),
(1693, '2018-11-27 07:50:53', '', '', '', '', '66.249.81.156', '/api/users/subscribe', 'api', 'users', 'API called : users/subscribe/1543301451/token/LastnameUser/FirstnameUser/empty/01/01/1970'),
(1694, '2018-11-27 07:50:53', '', '', '', '', '66.249.81.158', '/api/users/stats', 'api', 'users', 'API called : users/stats/21/week/12/2018'),
(1695, '2018-11-27 07:50:53', '', '', '', '', '66.249.81.158', '/api/users/subscribe', 'api', 'users', 'API called : users/subscribe/1543301451/token/LastnameUser/empty/01/01/1970'),
(1696, '2018-11-27 07:50:53', '', '', '', '', '66.249.81.158', '/api/users/user', 'api', 'users', 'API called : users/user/21'),
(1697, '2018-11-27 07:51:18', '', '', '', '', '212.147.13.57', '/api/users/subscribe', 'api', 'users', 'API called : users/subscribe/1543301636/token/LastnameUser/FirstnameUser/Email@User.com/01/01/1970'),
(1698, '2018-11-27 07:51:18', '', '', '', '', '212.147.13.57', '/api/users/subscribe', 'api', 'users', 'API called : users/subscribe/1543301636/token/empty/empty/Email@User.com/01/01/1970'),
(1699, '2018-11-27 07:51:18', '', '', '', '', '212.147.13.57', '/api/users/subscribe', 'api', 'users', 'API called : users/subscribe/1543301636/token/LastnameUser/empty/01/01/1970');
INSERT INTO `systemaudits` (`IdAudit`, `DateAudit`, `FirstnameUserAudit`, `NameUserAudit`, `LoginUserAudit`, `EmailUserAudit`, `IpUserAudit`, `UrlSystemAudit`, `ModuleSystemAudit`, `ActionSystemAudit`, `DescriptionAudit`) VALUES
(1700, '2018-11-27 07:51:18', '', '', '', '', '212.147.13.57', '/api/users/subscribe', 'api', 'users', 'API called : users/subscribe/1543301636/token/LastnameUser/FirstnameUser/empty/01/01/1970'),
(1701, '2018-11-27 07:51:18', '', '', '', '', '212.147.13.57', '/api/users/user', 'api', 'users', 'API called : users/user/21'),
(1702, '2018-11-27 07:51:18', '', '', '', '', '212.147.13.57', '/api/users/login', 'api', 'users', 'API called : users/login/1543301636/token/admin@user.ch/admin'),
(1703, '2018-11-27 07:51:18', '', '', '', '', '212.147.13.57', '/api/users/stats', 'api', 'users', 'API called : users/stats/21/days/all'),
(1704, '2018-11-27 07:51:18', '', '', '', '', '212.147.13.57', '/api/users/stats', 'api', 'users', 'API called : users/stats/21/insert/4/1543301636/token'),
(1705, '2018-11-27 07:51:18', '', '', '', '', '212.147.13.57', '/api/users/stats', 'api', 'users', 'API called : users/stats/21/days/2018-03-23'),
(1706, '2018-11-27 07:51:18', '', '', '', '', '212.147.13.57', '/api/users/stats', 'api', 'users', 'API called : users/stats/21/week/12/2018'),
(1707, '2018-11-27 07:51:18', '', '', '', '', '212.147.13.57', '/api/users/stats', 'api', 'users', 'API called : users/stats/21/month/03/2018'),
(1708, '2018-11-27 09:08:14', '', '', '', '', '212.147.13.57', '/api/users/subscribe', 'api', 'users', 'API called : users/subscribe/1543306252/token/empty/empty/Email@User.com/01/01/1970'),
(1709, '2018-11-27 09:08:14', '', '', '', '', '212.147.13.57', '/api/users/subscribe', 'api', 'users', 'API called : users/subscribe/1543306252/token/LastnameUser/FirstnameUser/Email@User.com/01/01/1970'),
(1710, '2018-11-27 09:08:14', '', '', '', '', '212.147.13.57', '/api/users/subscribe', 'api', 'users', 'API called : users/subscribe/1543306252/token/LastnameUser/empty/01/01/1970'),
(1711, '2018-11-27 09:08:14', '', '', '', '', '212.147.13.57', '/api/users/subscribe', 'api', 'users', 'API called : users/subscribe/1543306252/token/LastnameUser/FirstnameUser/empty/01/01/1970'),
(1712, '2018-11-27 09:08:14', '', '', '', '', '212.147.13.57', '/api/users/user', 'api', 'users', 'API called : users/user/21'),
(1713, '2018-11-27 09:08:14', '', '', '', '', '212.147.13.57', '/api/users/login', 'api', 'users', 'API called : users/login/1543306252/token/admin@user.ch/admin'),
(1714, '2018-11-27 09:08:15', '', '', '', '', '212.147.13.57', '/api/users/stats', 'api', 'users', 'API called : users/stats/21/days/all'),
(1715, '2018-11-27 09:08:15', '', '', '', '', '212.147.13.57', '/api/users/stats', 'api', 'users', 'API called : users/stats/21/insert/4/1543306252/token'),
(1716, '2018-11-27 09:08:15', '', '', '', '', '212.147.13.57', '/api/users/stats', 'api', 'users', 'API called : users/stats/21/days/2018-03-23'),
(1717, '2018-11-27 09:08:15', '', '', '', '', '212.147.13.57', '/api/users/stats', 'api', 'users', 'API called : users/stats/21/week/12/2018'),
(1718, '2018-11-27 09:08:15', '', '', '', '', '212.147.13.57', '/api/users/stats', 'api', 'users', 'API called : users/stats/21/month/03/2018'),
(1719, '2018-11-27 09:08:19', '', '', '', '', '212.147.13.57', '/api/users/subscribe', 'api', 'users', 'API called : users/subscribe/1543306257/token/LastnameUser/FirstnameUser/Email@User.com/01/01/1970'),
(1720, '2018-11-27 09:08:19', '', '', '', '', '212.147.13.57', '/api/users/subscribe', 'api', 'users', 'API called : users/subscribe/1543306257/token/empty/empty/Email@User.com/01/01/1970'),
(1721, '2018-11-27 09:08:19', '', '', '', '', '212.147.13.57', '/api/users/user', 'api', 'users', 'API called : users/user/21'),
(1722, '2018-11-27 09:08:19', '', '', '', '', '212.147.13.57', '/api/users/subscribe', 'api', 'users', 'API called : users/subscribe/1543306257/token/LastnameUser/empty/01/01/1970'),
(1723, '2018-11-27 09:08:19', '', '', '', '', '212.147.13.57', '/api/users/login', 'api', 'users', 'API called : users/login/1543306257/token/admin@user.ch/admin'),
(1724, '2018-11-27 09:08:19', '', '', '', '', '212.147.13.57', '/api/users/subscribe', 'api', 'users', 'API called : users/subscribe/1543306257/token/LastnameUser/FirstnameUser/empty/01/01/1970'),
(1725, '2018-11-27 09:08:19', '', '', '', '', '212.147.13.57', '/api/users/stats', 'api', 'users', 'API called : users/stats/21/days/all'),
(1726, '2018-11-27 09:08:19', '', '', '', '', '212.147.13.57', '/api/users/stats', 'api', 'users', 'API called : users/stats/21/days/2018-03-23'),
(1727, '2018-11-27 09:08:19', '', '', '', '', '212.147.13.57', '/api/users/stats', 'api', 'users', 'API called : users/stats/21/insert/4/1543306257/token'),
(1728, '2018-11-27 09:08:19', '', '', '', '', '212.147.13.57', '/api/users/stats', 'api', 'users', 'API called : users/stats/21/week/12/2018'),
(1729, '2018-11-27 09:08:19', '', '', '', '', '212.147.13.57', '/api/users/stats', 'api', 'users', 'API called : users/stats/21/month/03/2018'),
(1730, '2018-11-27 09:08:22', '', '', '', '', '212.147.13.57', '/api/users/subscribe', 'api', 'users', 'API called : users/subscribe/1543306259/token/LastnameUser/empty/01/01/1970'),
(1731, '2018-11-27 09:08:22', '', '', '', '', '212.147.13.57', '/api/users/subscribe', 'api', 'users', 'API called : users/subscribe/1543306259/token/empty/empty/Email@User.com/01/01/1970'),
(1732, '2018-11-27 09:08:22', '', '', '', '', '212.147.13.57', '/api/users/subscribe', 'api', 'users', 'API called : users/subscribe/1543306259/token/LastnameUser/FirstnameUser/empty/01/01/1970'),
(1733, '2018-11-27 09:08:22', '', '', '', '', '212.147.13.57', '/api/users/subscribe', 'api', 'users', 'API called : users/subscribe/1543306259/token/LastnameUser/FirstnameUser/Email@User.com/01/01/1970'),
(1734, '2018-11-27 09:08:22', '', '', '', '', '212.147.13.57', '/api/users/user', 'api', 'users', 'API called : users/user/21'),
(1735, '2018-11-27 09:08:22', '', '', '', '', '212.147.13.57', '/api/users/login', 'api', 'users', 'API called : users/login/1543306259/token/admin@user.ch/admin'),
(1736, '2018-11-27 09:08:22', '', '', '', '', '212.147.13.57', '/api/users/stats', 'api', 'users', 'API called : users/stats/21/days/all'),
(1737, '2018-11-27 09:08:22', '', '', '', '', '212.147.13.57', '/api/users/stats', 'api', 'users', 'API called : users/stats/21/insert/4/1543306259/token'),
(1738, '2018-11-27 09:08:22', '', '', '', '', '212.147.13.57', '/api/users/stats', 'api', 'users', 'API called : users/stats/21/days/2018-03-23'),
(1739, '2018-11-27 09:08:22', '', '', '', '', '212.147.13.57', '/api/users/stats', 'api', 'users', 'API called : users/stats/21/week/12/2018'),
(1740, '2018-11-27 09:08:22', '', '', '', '', '212.147.13.57', '/api/users/stats', 'api', 'users', 'API called : users/stats/21/month/03/2018'),
(1741, '2018-11-27 09:08:26', '', '', '', '', '212.147.13.57', '/api/users/subscribe', 'api', 'users', 'API called : users/subscribe/1543306264/token/LastnameUser/FirstnameUser/Email@User.com/01/01/1970'),
(1742, '2018-11-27 09:08:26', '', '', '', '', '212.147.13.57', '/api/users/subscribe', 'api', 'users', 'API called : users/subscribe/1543306264/token/empty/empty/Email@User.com/01/01/1970'),
(1743, '2018-11-27 09:08:26', '', '', '', '', '212.147.13.57', '/api/users/subscribe', 'api', 'users', 'API called : users/subscribe/1543306264/token/LastnameUser/empty/01/01/1970'),
(1744, '2018-11-27 09:08:26', '', '', '', '', '212.147.13.57', '/api/users/subscribe', 'api', 'users', 'API called : users/subscribe/1543306264/token/LastnameUser/FirstnameUser/empty/01/01/1970'),
(1745, '2018-11-27 09:08:26', '', '', '', '', '212.147.13.57', '/api/users/user', 'api', 'users', 'API called : users/user/21'),
(1746, '2018-11-27 09:08:26', '', '', '', '', '212.147.13.57', '/api/users/login', 'api', 'users', 'API called : users/login/1543306264/token/admin@user.ch/admin'),
(1747, '2018-11-27 09:08:26', '', '', '', '', '212.147.13.57', '/api/users/stats', 'api', 'users', 'API called : users/stats/21/insert/4/1543306264/token'),
(1748, '2018-11-27 09:08:26', '', '', '', '', '212.147.13.57', '/api/users/stats', 'api', 'users', 'API called : users/stats/21/days/all'),
(1749, '2018-11-27 09:08:26', '', '', '', '', '212.147.13.57', '/api/users/stats', 'api', 'users', 'API called : users/stats/21/days/2018-03-23'),
(1750, '2018-11-27 09:08:26', '', '', '', '', '212.147.13.57', '/api/users/stats', 'api', 'users', 'API called : users/stats/21/week/12/2018'),
(1751, '2018-11-27 09:08:26', '', '', '', '', '212.147.13.57', '/api/users/stats', 'api', 'users', 'API called : users/stats/21/month/03/2018'),
(1752, '2018-11-27 09:08:31', '', '', '', '', '212.147.13.57', '/api/users/user', 'api', 'users', 'API called : users/user/21'),
(1753, '2018-11-27 09:08:31', '', '', '', '', '212.147.13.57', '/api/users/subscribe', 'api', 'users', 'API called : users/subscribe/1543306268/token/LastnameUser/FirstnameUser/Email@User.com/01/01/1970'),
(1754, '2018-11-27 09:08:31', '', '', '', '', '212.147.13.57', '/api/users/subscribe', 'api', 'users', 'API called : users/subscribe/1543306268/token/empty/empty/Email@User.com/01/01/1970'),
(1755, '2018-11-27 09:08:31', '', '', '', '', '212.147.13.57', '/api/users/subscribe', 'api', 'users', 'API called : users/subscribe/1543306268/token/LastnameUser/FirstnameUser/empty/01/01/1970'),
(1756, '2018-11-27 09:08:31', '', '', '', '', '212.147.13.57', '/api/users/subscribe', 'api', 'users', 'API called : users/subscribe/1543306268/token/LastnameUser/empty/01/01/1970'),
(1757, '2018-11-27 09:08:31', '', '', '', '', '212.147.13.57', '/api/users/login', 'api', 'users', 'API called : users/login/1543306268/token/admin@user.ch/admin'),
(1758, '2018-11-27 09:08:31', '', '', '', '', '212.147.13.57', '/api/users/stats', 'api', 'users', 'API called : users/stats/21/days/all'),
(1759, '2018-11-27 09:08:31', '', '', '', '', '212.147.13.57', '/api/users/stats', 'api', 'users', 'API called : users/stats/21/insert/4/1543306268/token'),
(1760, '2018-11-27 09:08:31', '', '', '', '', '212.147.13.57', '/api/users/stats', 'api', 'users', 'API called : users/stats/21/days/2018-03-23'),
(1761, '2018-11-27 09:08:31', '', '', '', '', '212.147.13.57', '/api/users/stats', 'api', 'users', 'API called : users/stats/21/week/12/2018'),
(1762, '2018-11-27 09:08:31', '', '', '', '', '212.147.13.57', '/api/users/stats', 'api', 'users', 'API called : users/stats/21/month/03/2018'),
(1763, '2018-11-27 09:08:45', '', '', '', '', '212.147.13.57', '/api/users/user', 'api', 'users', 'API called : users/user/21'),
(1764, '2018-11-27 09:08:45', '', '', '', '', '212.147.13.57', '/api/users/subscribe', 'api', 'users', 'API called : users/subscribe/1543306282/token/LastnameUser/FirstnameUser/Email@User.com/01/01/1970'),
(1765, '2018-11-27 09:08:45', '', '', '', '', '212.147.13.57', '/api/users/subscribe', 'api', 'users', 'API called : users/subscribe/1543306282/token/empty/empty/Email@User.com/01/01/1970'),
(1766, '2018-11-27 09:08:45', '', '', '', '', '212.147.13.57', '/api/users/subscribe', 'api', 'users', 'API called : users/subscribe/1543306282/token/LastnameUser/empty/01/01/1970'),
(1767, '2018-11-27 09:08:45', '', '', '', '', '212.147.13.57', '/api/users/subscribe', 'api', 'users', 'API called : users/subscribe/1543306282/token/LastnameUser/FirstnameUser/empty/01/01/1970'),
(1768, '2018-11-27 09:08:45', '', '', '', '', '212.147.13.57', '/api/users/login', 'api', 'users', 'API called : users/login/1543306282/token/admin@user.ch/admin'),
(1769, '2018-11-27 09:08:45', '', '', '', '', '212.147.13.57', '/api/users/stats', 'api', 'users', 'API called : users/stats/21/insert/4/1543306282/token'),
(1770, '2018-11-27 09:08:45', '', '', '', '', '212.147.13.57', '/api/users/stats', 'api', 'users', 'API called : users/stats/21/days/all'),
(1771, '2018-11-27 09:08:45', '', '', '', '', '212.147.13.57', '/api/users/stats', 'api', 'users', 'API called : users/stats/21/days/2018-03-23'),
(1772, '2018-11-27 09:08:45', '', '', '', '', '212.147.13.57', '/api/users/stats', 'api', 'users', 'API called : users/stats/21/week/12/2018'),
(1773, '2018-11-27 09:08:45', '', '', '', '', '212.147.13.57', '/api/users/stats', 'api', 'users', 'API called : users/stats/21/month/03/2018'),
(1774, '2018-11-27 09:08:55', '', '', '', '', '212.147.13.57', '/api/users/user', 'api', 'users', 'API called : users/user/21'),
(1775, '2018-11-27 09:08:55', '', '', '', '', '212.147.13.57', '/api/users/subscribe', 'api', 'users', 'API called : users/subscribe/1543306293/token/LastnameUser/FirstnameUser/Email@User.com/01/01/1970'),
(1776, '2018-11-27 09:08:55', '', '', '', '', '212.147.13.57', '/api/users/subscribe', 'api', 'users', 'API called : users/subscribe/1543306293/token/empty/empty/Email@User.com/01/01/1970'),
(1777, '2018-11-27 09:08:55', '', '', '', '', '212.147.13.57', '/api/users/subscribe', 'api', 'users', 'API called : users/subscribe/1543306293/token/LastnameUser/empty/01/01/1970'),
(1778, '2018-11-27 09:08:55', '', '', '', '', '212.147.13.57', '/api/users/subscribe', 'api', 'users', 'API called : users/subscribe/1543306293/token/LastnameUser/FirstnameUser/empty/01/01/1970'),
(1779, '2018-11-27 09:08:55', '', '', '', '', '212.147.13.57', '/api/users/login', 'api', 'users', 'API called : users/login/1543306293/token/admin@user.ch/admin'),
(1780, '2018-11-27 09:08:55', '', '', '', '', '212.147.13.57', '/api/users/stats', 'api', 'users', 'API called : users/stats/21/days/all'),
(1781, '2018-11-27 09:08:55', '', '', '', '', '212.147.13.57', '/api/users/stats', 'api', 'users', 'API called : users/stats/21/insert/4/1543306293/token'),
(1782, '2018-11-27 09:08:55', '', '', '', '', '212.147.13.57', '/api/users/stats', 'api', 'users', 'API called : users/stats/21/days/2018-03-23'),
(1783, '2018-11-27 09:08:55', '', '', '', '', '212.147.13.57', '/api/users/stats', 'api', 'users', 'API called : users/stats/21/week/12/2018'),
(1784, '2018-11-27 09:08:55', '', '', '', '', '212.147.13.57', '/api/users/stats', 'api', 'users', 'API called : users/stats/21/month/03/2018'),
(1785, '2018-11-27 09:09:21', '', '', '', '', '212.147.13.57', '/api/users/subscribe', 'api', 'users', 'API called : users/subscribe/1543306319/token/empty/empty/Email@User.com/01/01/1970'),
(1786, '2018-11-27 09:09:21', '', '', '', '', '212.147.13.57', '/api/users/subscribe', 'api', 'users', 'API called : users/subscribe/1543306319/token/LastnameUser/FirstnameUser/Email@User.com/01/01/1970'),
(1787, '2018-11-27 09:09:21', '', '', '', '', '212.147.13.57', '/api/users/subscribe', 'api', 'users', 'API called : users/subscribe/1543306319/token/LastnameUser/FirstnameUser/empty/01/01/1970'),
(1788, '2018-11-27 09:09:21', '', '', '', '', '212.147.13.57', '/api/users/subscribe', 'api', 'users', 'API called : users/subscribe/1543306319/token/LastnameUser/empty/01/01/1970'),
(1789, '2018-11-27 09:09:21', '', '', '', '', '212.147.13.57', '/api/users/login', 'api', 'users', 'API called : users/login/1543306319/token/admin@user.ch/admin'),
(1790, '2018-11-27 09:09:21', '', '', '', '', '212.147.13.57', '/api/users/user', 'api', 'users', 'API called : users/user/21'),
(1791, '2018-11-27 09:09:21', '', '', '', '', '212.147.13.57', '/api/users/stats', 'api', 'users', 'API called : users/stats/21/insert/4/1543306319/token'),
(1792, '2018-11-27 09:09:21', '', '', '', '', '212.147.13.57', '/api/users/stats', 'api', 'users', 'API called : users/stats/21/days/all'),
(1793, '2018-11-27 09:09:21', '', '', '', '', '212.147.13.57', '/api/users/stats', 'api', 'users', 'API called : users/stats/21/days/2018-03-23'),
(1794, '2018-11-27 09:09:21', '', '', '', '', '212.147.13.57', '/api/users/stats', 'api', 'users', 'API called : users/stats/21/week/12/2018'),
(1795, '2018-11-27 09:09:21', '', '', '', '', '212.147.13.57', '/api/users/stats', 'api', 'users', 'API called : users/stats/21/month/03/2018'),
(1796, '2018-11-27 09:09:26', '', '', '', '', '212.147.13.57', '/api/users/user', 'api', 'users', 'API called : users/user/21'),
(1797, '2018-11-27 09:09:26', '', '', '', '', '212.147.13.57', '/api/users/subscribe', 'api', 'users', 'API called : users/subscribe/1543306324/token/LastnameUser/FirstnameUser/Email@User.com/01/01/1970'),
(1798, '2018-11-27 09:09:26', '', '', '', '', '212.147.13.57', '/api/users/subscribe', 'api', 'users', 'API called : users/subscribe/1543306324/token/empty/empty/Email@User.com/01/01/1970'),
(1799, '2018-11-27 09:09:26', '', '', '', '', '212.147.13.57', '/api/users/subscribe', 'api', 'users', 'API called : users/subscribe/1543306324/token/LastnameUser/FirstnameUser/empty/01/01/1970'),
(1800, '2018-11-27 09:09:26', '', '', '', '', '212.147.13.57', '/api/users/login', 'api', 'users', 'API called : users/login/1543306324/token/admin@user.ch/admin'),
(1801, '2018-11-27 09:09:26', '', '', '', '', '212.147.13.57', '/api/users/subscribe', 'api', 'users', 'API called : users/subscribe/1543306324/token/LastnameUser/empty/01/01/1970'),
(1802, '2018-11-27 09:09:27', '', '', '', '', '212.147.13.57', '/api/users/stats', 'api', 'users', 'API called : users/stats/21/days/all'),
(1803, '2018-11-27 09:09:27', '', '', '', '', '212.147.13.57', '/api/users/stats', 'api', 'users', 'API called : users/stats/21/insert/4/1543306324/token'),
(1804, '2018-11-27 09:09:27', '', '', '', '', '212.147.13.57', '/api/users/stats', 'api', 'users', 'API called : users/stats/21/days/2018-03-23'),
(1805, '2018-11-27 09:09:27', '', '', '', '', '212.147.13.57', '/api/users/stats', 'api', 'users', 'API called : users/stats/21/week/12/2018'),
(1806, '2018-11-27 09:09:27', '', '', '', '', '212.147.13.57', '/api/users/stats', 'api', 'users', 'API called : users/stats/21/month/03/2018'),
(1807, '2018-11-27 09:09:36', '', '', '', '', '212.147.13.57', '/api/users/subscribe', 'api', 'users', 'API called : users/subscribe/1543306334/token/LastnameUser/FirstnameUser/Email@User.com/01/01/1970'),
(1808, '2018-11-27 09:09:36', '', '', '', '', '212.147.13.57', '/api/users/user', 'api', 'users', 'API called : users/user/21'),
(1809, '2018-11-27 09:09:36', '', '', '', '', '212.147.13.57', '/api/users/subscribe', 'api', 'users', 'API called : users/subscribe/1543306334/token/empty/empty/Email@User.com/01/01/1970'),
(1810, '2018-11-27 09:09:36', '', '', '', '', '212.147.13.57', '/api/users/subscribe', 'api', 'users', 'API called : users/subscribe/1543306334/token/LastnameUser/empty/01/01/1970'),
(1811, '2018-11-27 09:09:36', '', '', '', '', '212.147.13.57', '/api/users/subscribe', 'api', 'users', 'API called : users/subscribe/1543306334/token/LastnameUser/FirstnameUser/empty/01/01/1970'),
(1812, '2018-11-27 09:09:36', '', '', '', '', '212.147.13.57', '/api/users/login', 'api', 'users', 'API called : users/login/1543306334/token/admin@user.ch/admin'),
(1813, '2018-11-27 09:09:36', '', '', '', '', '212.147.13.57', '/api/users/stats', 'api', 'users', 'API called : users/stats/21/days/all'),
(1814, '2018-11-27 09:09:36', '', '', '', '', '212.147.13.57', '/api/users/stats', 'api', 'users', 'API called : users/stats/21/insert/4/1543306334/token'),
(1815, '2018-11-27 09:09:36', '', '', '', '', '212.147.13.57', '/api/users/stats', 'api', 'users', 'API called : users/stats/21/days/2018-03-23'),
(1816, '2018-11-27 09:09:36', '', '', '', '', '212.147.13.57', '/api/users/stats', 'api', 'users', 'API called : users/stats/21/week/12/2018'),
(1817, '2018-11-27 09:09:36', '', '', '', '', '212.147.13.57', '/api/users/stats', 'api', 'users', 'API called : users/stats/21/month/03/2018'),
(1818, '2018-11-27 09:09:44', '', '', '', '', '212.147.13.57', '/api/users/user', 'api', 'users', 'API called : users/user/21'),
(1819, '2018-11-27 09:09:44', '', '', '', '', '212.147.13.57', '/api/users/subscribe', 'api', 'users', 'API called : users/subscribe/1543306342/token/LastnameUser/FirstnameUser/Email@User.com/01/01/1970'),
(1820, '2018-11-27 09:09:44', '', '', '', '', '212.147.13.57', '/api/users/subscribe', 'api', 'users', 'API called : users/subscribe/1543306342/token/LastnameUser/empty/01/01/1970'),
(1821, '2018-11-27 09:09:44', '', '', '', '', '212.147.13.57', '/api/users/subscribe', 'api', 'users', 'API called : users/subscribe/1543306342/token/empty/empty/Email@User.com/01/01/1970'),
(1822, '2018-11-27 09:09:44', '', '', '', '', '212.147.13.57', '/api/users/subscribe', 'api', 'users', 'API called : users/subscribe/1543306342/token/LastnameUser/FirstnameUser/empty/01/01/1970'),
(1823, '2018-11-27 09:09:44', '', '', '', '', '212.147.13.57', '/api/users/login', 'api', 'users', 'API called : users/login/1543306342/token/admin@user.ch/admin'),
(1824, '2018-11-27 09:09:44', '', '', '', '', '212.147.13.57', '/api/users/stats', 'api', 'users', 'API called : users/stats/21/insert/4/1543306342/token'),
(1825, '2018-11-27 09:09:44', '', '', '', '', '212.147.13.57', '/api/users/stats', 'api', 'users', 'API called : users/stats/21/days/all'),
(1826, '2018-11-27 09:09:44', '', '', '', '', '212.147.13.57', '/api/users/stats', 'api', 'users', 'API called : users/stats/21/days/2018-03-23'),
(1827, '2018-11-27 09:09:44', '', '', '', '', '212.147.13.57', '/api/users/stats', 'api', 'users', 'API called : users/stats/21/week/12/2018'),
(1828, '2018-11-27 09:09:44', '', '', '', '', '212.147.13.57', '/api/users/stats', 'api', 'users', 'API called : users/stats/21/month/03/2018'),
(1829, '2018-11-27 09:09:57', '', '', '', '', '212.147.13.57', '/api/users/subscribe', 'api', 'users', 'API called : users/subscribe/1543306355/token/LastnameUser/FirstnameUser/Email@User.com/01/01/1970'),
(1830, '2018-11-27 09:09:57', '', '', '', '', '212.147.13.57', '/api/users/subscribe', 'api', 'users', 'API called : users/subscribe/1543306355/token/LastnameUser/empty/01/01/1970'),
(1831, '2018-11-27 09:09:57', '', '', '', '', '212.147.13.57', '/api/users/subscribe', 'api', 'users', 'API called : users/subscribe/1543306355/token/empty/empty/Email@User.com/01/01/1970'),
(1832, '2018-11-27 09:09:57', '', '', '', '', '212.147.13.57', '/api/users/user', 'api', 'users', 'API called : users/user/21'),
(1833, '2018-11-27 09:09:57', '', '', '', '', '212.147.13.57', '/api/users/subscribe', 'api', 'users', 'API called : users/subscribe/1543306355/token/LastnameUser/FirstnameUser/empty/01/01/1970'),
(1834, '2018-11-27 09:09:57', '', '', '', '', '212.147.13.57', '/api/users/login', 'api', 'users', 'API called : users/login/1543306355/token/admin@user.ch/admin'),
(1835, '2018-11-27 09:09:58', '', '', '', '', '212.147.13.57', '/api/users/stats', 'api', 'users', 'API called : users/stats/21/insert/4/1543306355/token'),
(1836, '2018-11-27 09:09:58', '', '', '', '', '212.147.13.57', '/api/users/stats', 'api', 'users', 'API called : users/stats/21/days/all'),
(1837, '2018-11-27 09:09:58', '', '', '', '', '212.147.13.57', '/api/users/stats', 'api', 'users', 'API called : users/stats/21/days/2018-03-23'),
(1838, '2018-11-27 09:09:58', '', '', '', '', '212.147.13.57', '/api/users/stats', 'api', 'users', 'API called : users/stats/21/week/12/2018'),
(1839, '2018-11-27 09:09:58', '', '', '', '', '212.147.13.57', '/api/users/stats', 'api', 'users', 'API called : users/stats/21/month/03/2018'),
(1840, '2018-11-27 09:20:30', '', '', '', '', '212.147.13.57', '/api/users/user', 'api', 'users', 'API called : users/user/21'),
(1841, '2018-11-27 09:20:37', '', '', '', '', '212.147.13.57', '/api/users/user', 'api', 'users', 'API called : users/user/21'),
(1842, '2018-11-27 09:20:42', '', '', '', '', '212.147.13.57', '/api/users/user', 'api', 'users', 'API called : users/user/21'),
(1843, '2018-11-27 09:22:23', '', '', '', '', '212.147.13.57', '/api/users/user', 'api', 'users', 'API called : users/user/1'),
(1844, '2018-11-27 09:26:39', '', '', '', '', '212.147.13.57', '/api/users/subscribe', 'api', 'users', 'API called : users/subscribe/1543307356/token/LastnameUser/empty/01/01/1970'),
(1845, '2018-11-27 09:26:39', '', '', '', '', '212.147.13.57', '/api/users/subscribe', 'api', 'users', 'API called : users/subscribe/1543307356/token/LastnameUser/FirstnameUser/Email@User.com/01/01/1970'),
(1846, '2018-11-27 09:26:39', '', '', '', '', '212.147.13.57', '/api/users/subscribe', 'api', 'users', 'API called : users/subscribe/1543307356/token/empty/empty/Email@User.com/01/01/1970'),
(1847, '2018-11-27 09:26:39', '', '', '', '', '212.147.13.57', '/api/users/subscribe', 'api', 'users', 'API called : users/subscribe/1543307356/token/LastnameUser/FirstnameUser/empty/01/01/1970'),
(1848, '2018-11-27 09:26:39', '', '', '', '', '212.147.13.57', '/api/users/user', 'api', 'users', 'API called : users/user/1'),
(1849, '2018-11-27 09:26:39', '', '', '', '', '212.147.13.57', '/api/users/login', 'api', 'users', 'API called : users/login/1543307356/token/admin@user.ch/admin'),
(1850, '2018-11-27 09:26:39', '', '', '', '', '212.147.13.57', '/api/users/stats', 'api', 'users', 'API called : users/stats/1/days/2018-03-23'),
(1851, '2018-11-27 09:26:39', '', '', '', '', '212.147.13.57', '/api/users/stats', 'api', 'users', 'API called : users/stats/1/days/all'),
(1852, '2018-11-27 09:26:39', '', '', '', '', '212.147.13.57', '/api/users/stats', 'api', 'users', 'API called : users/stats/1/insert/4/1543307356/token'),
(1853, '2018-11-27 09:26:39', '', '', '', '', '212.147.13.57', '/api/users/stats', 'api', 'users', 'API called : users/stats/1/week/12/2018'),
(1854, '2018-11-27 09:26:39', '', '', '', '', '212.147.13.57', '/api/users/stats', 'api', 'users', 'API called : users/stats/1/month/03/2018'),
(1855, '2018-11-27 09:31:39', '', '', '', '', '194.230.158.16', '/api/users/subscribe', 'api', 'users', 'API called : users/subscribe/1543307498/token/empty/empty/Email@User.com/01/01/1970'),
(1856, '2018-11-27 09:31:39', '', '', '', '', '194.230.158.16', '/api/users/subscribe', 'api', 'users', 'API called : users/subscribe/1543307498/token/LastnameUser/empty/01/01/1970'),
(1857, '2018-11-27 09:31:39', '', '', '', '', '194.230.158.16', '/api/users/subscribe', 'api', 'users', 'API called : users/subscribe/1543307498/token/LastnameUser/FirstnameUser/empty/01/01/1970'),
(1858, '2018-11-27 09:31:39', '', '', '', '', '194.230.158.16', '/api/users/subscribe', 'api', 'users', 'API called : users/subscribe/1543307498/token/LastnameUser/FirstnameUser/Email@User.com/01/01/1970'),
(1859, '2018-11-27 09:31:39', '', '', '', '', '194.230.158.16', '/api/users/login', 'api', 'users', 'API called : users/login/1543307498/token/admin@user.ch/admin'),
(1860, '2018-11-27 09:31:39', '', '', '', '', '194.230.158.16', '/api/users/user', 'api', 'users', 'API called : users/user/1'),
(1861, '2018-11-27 09:31:40', '', '', '', '', '194.230.158.16', '/api/users/stats', 'api', 'users', 'API called : users/stats/1/days/2018-03-23'),
(1862, '2018-11-27 09:31:40', '', '', '', '', '194.230.158.16', '/api/users/stats', 'api', 'users', 'API called : users/stats/1/days/all'),
(1863, '2018-11-27 09:31:40', '', '', '', '', '194.230.158.16', '/api/users/stats', 'api', 'users', 'API called : users/stats/1/insert/4/1543307498/token'),
(1864, '2018-11-27 09:31:40', '', '', '', '', '194.230.158.16', '/api/users/stats', 'api', 'users', 'API called : users/stats/1/week/12/2018'),
(1865, '2018-11-27 09:31:40', '', '', '', '', '194.230.158.16', '/api/users/stats', 'api', 'users', 'API called : users/stats/1/month/03/2018'),
(1866, '2018-11-27 09:52:45', '', '', '', '', '194.230.158.16', '/api/users/user', 'api', 'users', 'API called : users/user/[Id]'),
(1867, '2018-11-27 09:53:33', '', '', '', '', '194.230.158.16', '/api/users/login', 'api', 'users', 'API called : users/login/1543308811/token/admin@user.ch/admin'),
(1868, '2018-11-27 09:56:00', '', '', '', '', '194.230.158.16', '/api/users/login', 'api', 'users', 'API called : users/login/1543308958/token/admin@user.ch/admin'),
(1869, '2018-11-27 09:56:00', '', '', '', '', '194.230.158.16', '/api/users/user', 'api', 'users', 'API called : users/user/1'),
(1870, '2018-11-27 10:17:46', '', '', '', '', '194.230.158.16', '/api/users/stats', 'api', 'users', 'API called : users/stats/1/insert/2/1543310264/token/'),
(1871, '2018-11-27 10:17:52', '', '', '', '', '194.230.158.16', '/api/users/stats', 'api', 'users', 'API called : users/stats/1/days/2018-11-27'),
(1872, '2018-11-27 10:18:01', '', '', '', '', '194.230.158.16', '/api/users/stats', 'api', 'users', 'API called : users/stats/1/month/11/2018'),
(1873, '2018-11-27 10:18:10', '', '', '', '', '194.230.158.16', '/api/users/stats', 'api', 'users', 'API called : users/stats/1/days/2018-11-27'),
(1874, '2018-11-27 10:18:14', '', '', '', '', '194.230.158.16', '/api/users/stats', 'api', 'users', 'API called : users/stats/1/month/11/2018'),
(1875, '2018-11-27 10:18:28', '', '', '', '', '194.230.158.16', '/api/users/user', 'api', 'users', 'API called : users/user/1'),
(1876, '2018-11-27 10:20:04', '', '', '', '', '194.230.158.16', '/api/users/stats', 'api', 'users', 'API called : users/stats/1/insert/1/1543310402/token/'),
(1877, '2018-11-27 10:20:11', '', '', '', '', '194.230.158.16', '/api/users/user', 'api', 'users', 'API called : users/user/1'),
(1878, '2018-11-27 10:20:22', '', '', '', '', '194.230.158.16', '/api/users/user', 'api', 'users', 'API called : users/user/1'),
(1879, '2018-11-27 11:22:39', '', '', '', '', '194.230.158.16', '/api/users/user', 'api', 'users', 'API called : users/user/1'),
(1880, '2018-11-27 11:23:24', '', '', '', '', '194.230.158.16', '/api/users/user', 'api', 'users', 'API called : users/user/[Id]'),
(1881, '2018-11-27 11:23:56', '', '', '', '', '194.230.158.16', '/api/users/login', 'api', 'users', 'API called : users/login/1543314235/token/admin@user.ch/admin'),
(1882, '2018-11-27 11:23:57', '', '', '', '', '194.230.158.16', '/api/users/user', 'api', 'users', 'API called : users/user/1'),
(1883, '2018-11-27 11:24:03', '', '', '', '', '194.230.158.16', '/api/users/user', 'api', 'users', 'API called : users/user/1'),
(1884, '2018-11-27 11:25:26', '', '', '', '', '212.147.57.137', '/api/users/user', 'api', 'users', 'API called : users/user/1'),
(1885, '2018-11-27 11:25:43', '', '', '', '', '212.147.57.137', '/api/users/user', 'api', 'users', 'API called : users/user/1'),
(1886, '2018-11-27 11:26:26', '', '', '', '', '194.230.158.16', '/api/users/user', 'api', 'users', 'API called : users/user/1'),
(1887, '2018-11-27 11:27:04', '', '', '', '', '212.147.57.137', '/api/users/user', 'api', 'users', 'API called : users/user/1'),
(1888, '2018-11-27 11:27:30', '', '', '', '', '194.230.158.16', '/api/users/user', 'api', 'users', 'API called : users/user/1'),
(1889, '2018-11-27 11:47:52', '', '', '', '', '212.147.57.137', '/api/users/user', 'api', 'users', 'API called : users/user/1'),
(1890, '2018-11-27 11:49:01', '', '', '', '', '212.147.57.137', '/api/users/user', 'api', 'users', 'API called : users/user/1'),
(1891, '2018-11-27 11:49:20', '', '', '', '', '212.147.57.137', '/api/users/user', 'api', 'users', 'API called : users/user/1'),
(1892, '2018-11-27 11:50:51', '', '', '', '', '194.230.158.16', '/api/users/stats', 'api', 'users', 'API called : users/stats/1/insert/2/1543315849/token/'),
(1893, '2018-11-27 11:50:54', '', '', '', '', '194.230.158.16', '/api/users/stats', 'api', 'users', 'API called : users/stats/1/days/2018-11-27'),
(1894, '2018-11-27 11:51:09', '', '', '', '', '194.230.158.16', '/api/users/stats', 'api', 'users', 'API called : users/stats/1/days/2018-11-26'),
(1895, '2018-11-27 11:51:15', '', '', '', '', '194.230.158.16', '/api/users/stats', 'api', 'users', 'API called : users/stats/1/month/11/2018'),
(1896, '2018-11-27 11:51:21', '', '', '', '', '194.230.158.16', '/api/users/user', 'api', 'users', 'API called : users/user/1'),
(1897, '2018-11-27 11:52:03', '', '', '', '', '212.147.57.137', '/api/users/user', 'api', 'users', 'API called : users/user/1'),
(1898, '2018-11-27 11:52:15', '', '', '', '', '212.147.57.137', '/api/users/user', 'api', 'users', 'API called : users/user/[Id]'),
(1899, '2018-11-27 12:03:02', '', '', '', '', '212.147.13.57', '/api/users/user', 'api', 'users', 'API called : users/user/1'),
(1900, '2018-11-27 12:03:07', '', '', '', '', '212.147.13.57', '/api/users/user', 'api', 'users', 'API called : users/user/1$'),
(1901, '2018-11-27 12:03:09', '', '', '', '', '212.147.13.57', '/api/users/user', 'api', 'users', 'API called : users/user/1'),
(1902, '2018-11-27 15:13:16', '', '', '', '', '212.147.57.137', '/api/users/user', 'api', 'users', 'API called : users/user/[Id]'),
(1903, '2018-11-27 15:13:55', '', '', '', '', '212.147.57.137', '/api/users/user', 'api', 'users', 'API called : users/user/[Id]'),
(1904, '2018-11-27 15:14:25', '', '', '', '', '212.147.57.137', '/api/users/user', 'api', 'users', 'API called : users/user/[Id]'),
(1905, '2018-11-27 22:44:25', '', '', '', '', '84.74.233.83', '/api/users/user', 'api', 'users', 'API called : users/user/[Id]'),
(1906, '2018-11-27 22:45:37', '', '', '', '', '84.74.233.83', '/api/users/user', 'api', 'users', 'API called : users/user/[Id]'),
(1907, '2018-11-28 08:14:09', '', '', '', '', '212.147.57.137', '/api/users/user', 'api', 'users', 'API called : users/user/[Id]'),
(1908, '2018-11-28 08:14:23', '', '', '', '', '212.147.57.137', '/api/users/user', 'api', 'users', 'API called : users/user/[Id]'),
(1909, '2018-11-28 08:14:50', '', '', '', '', '212.147.57.137', '/api/users/user', 'api', 'users', 'API called : users/user/[Id]'),
(1910, '2018-11-28 08:55:44', '', '', '', '', '212.147.57.137', '/api/users/user', 'api', 'users', 'API called : users/user/[Id]'),
(1911, '2018-11-28 09:42:47', '', '', '', '', '212.147.13.57', '/api/users/user', 'api', 'users', 'API called : users/user/[Id]'),
(1912, '2018-11-28 09:59:41', '', '', '', '', '212.147.13.57', '/api/users/user', 'api', 'users', 'API called : users/user/[Id]'),
(1913, '2018-11-28 09:59:44', '', '', '', '', '212.147.13.57', '/api/users/user', 'api', 'users', 'API called : users/user/[Id]'),
(1914, '2018-11-28 10:00:03', '', '', '', '', '212.147.13.57', '/api/users/user', 'api', 'users', 'API called : users/user/[Id]'),
(1915, '2018-11-28 12:30:29', '', '', '', '', '212.147.57.137', '/api/users/user', 'api', 'users', 'API called : users/user/[Id]'),
(1916, '2018-11-28 17:30:11', '', '', '', '', '212.147.57.137', '/api/users/user', 'api', 'users', 'API called : users/user/[Id]'),
(1917, '2018-11-28 17:32:39', '', '', '', '', '212.147.57.137', '/api/users/user', 'api', 'users', 'API called : users/user/[Id]'),
(1918, '2018-11-28 17:32:45', '', '', '', '', '212.147.57.137', '/api/users/user', 'api', 'users', 'API called : users/user/[Id]'),
(1919, '2018-11-28 17:32:57', '', '', '', '', '212.147.57.137', '/api/users/user', 'api', 'users', 'API called : users/user/[Id]'),
(1920, '2018-11-28 17:33:06', '', '', '', '', '212.147.57.137', '/api/users/user', 'api', 'users', 'API called : users/user/[Id]'),
(1921, '2018-11-28 21:39:52', '', '', '', '', '212.147.57.137', '/api/users/user', 'api', 'users', 'API called : users/user/[Token]/[Id]'),
(1922, '2018-11-28 21:41:18', '', '', '', '', '212.147.57.137', '/api/users/login', 'api', 'users', 'API called : users/login/1543437678/vitabulle@bulle.ch/bulle2018'),
(1923, '2018-11-28 21:42:04', '', '', '', '', '212.147.57.137', '/api/users/login', 'api', 'users', 'API called : users/login/1543437723/vita@bulle.ch/bulle208'),
(1924, '2018-11-28 21:53:36', '', '', '', '', '212.147.57.137', '/api/users/user', 'api', 'users', 'API called : users/user/[Token]/[Id]'),
(1925, '2018-11-28 21:53:39', '', '', '', '', '212.147.57.137', '/api/users/user', 'api', 'users', 'API called : users/user/[Token]/[Id]'),
(1926, '2018-11-28 21:54:32', '', '', '', '', '212.147.57.137', '/api/users/user', 'api', 'users', 'API called : users/user/[Token]/[Id]'),
(1927, '2018-11-28 21:55:01', '', '', '', '', '212.147.57.137', '/api/users/login', 'api', 'users', 'API called : users/login/1543438500/vita@bulle.ch/bulle2018'),
(1928, '2018-11-28 22:04:00', '', '', '', '', '212.147.57.137', '/api/users/user', 'api', 'users', 'API called : users/user/[Token]/[Id]'),
(1929, '2018-11-28 22:04:02', '', '', '', '', '212.147.57.137', '/api/users/user', 'api', 'users', 'API called : users/user/[Token]/[Id]'),
(1930, '2018-11-28 22:04:42', '', '', '', '', '212.147.57.137', '/api/users/user', 'api', 'users', 'API called : users/user/[Token]/[Id]'),
(1931, '2018-11-28 22:05:08', '', '', '', '', '212.147.57.137', '/api/users/login', 'api', 'users', 'API called : users/login/1543439107/Vita@bulle.ch/bulle2018'),
(1932, '2018-11-28 22:06:06', '', '', '', '', '212.147.57.137', '/api/users/user', 'api', 'users', 'API called : users/user/[Token]/[Id]'),
(1933, '2018-11-28 22:06:29', '', '', '', '', '212.147.57.137', '/api/users/login', 'api', 'users', 'API called : users/login/1543439188/vita@bulle.ch/bulle'),
(1934, '2018-11-28 22:06:40', '', '', '', '', '212.147.57.137', '/api/users/login', 'api', 'users', 'API called : users/login/1543439199/vita@bulle.ch/bulle2018'),
(1935, '2018-11-28 22:06:40', '', '', '', '', '212.147.57.137', '/api/users/user', 'api', 'users', 'API called : users/user/889500678fb0ecae7596/1'),
(1936, '2018-11-28 22:06:41', '', '', '', '', '212.147.57.137', '/api/users/stats', 'api', 'users', 'API called : users/stats/889500678fb0ecae7596/1/fromto/2018-11-21/2018-11-28/days'),
(1937, '2018-11-28 22:08:20', '', '', '', '', '212.147.57.137', '/api/users/stats', 'api', 'users', 'API called : users/stats/889500678fb0ecae7596/1/insert/3/1543439299'),
(1938, '2018-11-28 22:08:26', '', '', '', '', '212.147.57.137', '/api/users/stats', 'api', 'users', 'API called : users/stats/889500678fb0ecae7596/1/days/2018-11-28'),
(1939, '2018-11-28 22:08:32', '', '', '', '', '212.147.57.137', '/api/users/stats', 'api', 'users', 'API called : users/stats/889500678fb0ecae7596/1/month/11/2018'),
(1940, '2018-11-28 22:08:41', '', '', '', '', '212.147.57.137', '/api/users/user', 'api', 'users', 'API called : users/user/889500678fb0ecae7596/1'),
(1941, '2018-11-28 22:08:41', '', '', '', '', '212.147.57.137', '/api/users/stats', 'api', 'users', 'API called : users/stats/889500678fb0ecae7596/1/fromto/2018-11-21/2018-11-28/days'),
(1942, '2018-11-28 22:09:53', '', '', '', '', '212.147.57.137', '/api/users/stats', 'api', 'users', 'API called : users/stats/889500678fb0ecae7596/1/insert/3/1543439392'),
(1943, '2018-11-28 22:19:35', '', '', '', '', '212.147.57.137', '/api/users/user', 'api', 'users', 'API called : users/user/889500678fb0ecae7596/1'),
(1944, '2018-11-28 22:19:35', '', '', '', '', '212.147.57.137', '/api/users/stats', 'api', 'users', 'API called : users/stats/889500678fb0ecae7596/1/fromto/2018-11-21/2018-11-28/days'),
(1945, '2018-11-28 22:19:40', '', '', '', '', '212.147.57.137', '/api/users/user', 'api', 'users', 'API called : users/user/[Token]/[Id]'),
(1946, '2018-11-28 22:20:05', '', '', '', '', '212.147.57.137', '/api/users/login', 'api', 'users', 'API called : users/login/1543440005/vita@bulle.ch/bulle2018'),
(1947, '2018-11-28 22:20:06', '', '', '', '', '212.147.57.137', '/api/users/user', 'api', 'users', 'API called : users/user/889500678fb0ecae7596/1'),
(1948, '2018-11-28 22:20:06', '', '', '', '', '212.147.57.137', '/api/users/stats', 'api', 'users', 'API called : users/stats/889500678fb0ecae7596/1/fromto/2018-11-21/2018-11-28/days'),
(1949, '2018-11-28 22:21:15', '', '', '', '', '212.147.57.137', '/api/users/stats', 'api', 'users', 'API called : users/stats/889500678fb0ecae7596/1/insert/3/1543440074'),
(1950, '2018-11-28 22:21:17', '', '', '', '', '212.147.57.137', '/api/users/stats', 'api', 'users', 'API called : users/stats/889500678fb0ecae7596/1/days/2018-11-28'),
(1951, '2018-11-28 22:21:20', '', '', '', '', '212.147.57.137', '/api/users/stats', 'api', 'users', 'API called : users/stats/889500678fb0ecae7596/1/month/11/2018'),
(1952, '2018-11-28 22:21:25', '', '', '', '', '212.147.57.137', '/api/users/user', 'api', 'users', 'API called : users/user/889500678fb0ecae7596/1'),
(1953, '2018-11-28 22:21:25', '', '', '', '', '212.147.57.137', '/api/users/stats', 'api', 'users', 'API called : users/stats/889500678fb0ecae7596/1/fromto/2018-11-21/2018-11-28/days'),
(1954, '2018-11-28 22:22:38', '', '', '', '', '212.147.57.137', '/api/users/stats', 'api', 'users', 'API called : users/stats/889500678fb0ecae7596/1/month/11/2018'),
(1955, '2018-11-28 22:22:39', '', '', '', '', '212.147.57.137', '/api/users/stats', 'api', 'users', 'API called : users/stats/889500678fb0ecae7596/1/days/2018-11-28'),
(1956, '2018-11-28 22:22:44', '', '', '', '', '212.147.57.137', '/api/users/user', 'api', 'users', 'API called : users/user/889500678fb0ecae7596/1'),
(1957, '2018-11-28 22:22:44', '', '', '', '', '212.147.57.137', '/api/users/stats', 'api', 'users', 'API called : users/stats/889500678fb0ecae7596/1/fromto/2018-11-21/2018-11-28/days'),
(1958, '2018-11-28 22:22:48', '', '', '', '', '212.147.57.137', '/api/users/user', 'api', 'users', 'API called : users/user/889500678fb0ecae7596/1'),
(1959, '2018-11-28 22:22:48', '', '', '', '', '212.147.57.137', '/api/users/stats', 'api', 'users', 'API called : users/stats/889500678fb0ecae7596/1/fromto/2018-11-21/2018-11-28/days'),
(1960, '2018-11-29 07:11:10', '', '', '', '', '46.140.0.14', '/api/users/user', 'api', 'users', 'API called : users/user/[Token]/[Id]'),
(1961, '2018-11-29 07:11:48', '', '', '', '', '46.140.0.14', '/api/users/login', 'api', 'users', 'API called : users/login/1543471908/vita@bulle.ch/bulle2018'),
(1962, '2018-11-29 07:11:49', '', '', '', '', '46.140.0.14', '/api/users/user', 'api', 'users', 'API called : users/user/889500678fb0ecae7596/1'),
(1963, '2018-11-29 07:11:49', '', '', '', '', '46.140.0.14', '/api/users/stats', 'api', 'users', 'API called : users/stats/889500678fb0ecae7596/1/fromto/2018-11-22/2018-11-29/days'),
(1964, '2018-11-29 07:13:45', '', '', '', '', '46.140.0.14', '/api/users/stats', 'api', 'users', 'API called : users/stats/889500678fb0ecae7596/1/insert/2/1543472025'),
(1965, '2018-11-29 07:13:47', '', '', '', '', '46.140.0.14', '/api/users/stats', 'api', 'users', 'API called : users/stats/889500678fb0ecae7596/1/days/2018-11-29'),
(1966, '2018-11-29 07:14:02', '', '', '', '', '46.140.0.14', '/api/users/stats', 'api', 'users', 'API called : users/stats/889500678fb0ecae7596/1/month/11/2018'),
(1967, '2018-11-29 07:14:06', '', '', '', '', '46.140.0.14', '/api/users/stats', 'api', 'users', 'API called : users/stats/889500678fb0ecae7596/1/month/10/2018'),
(1968, '2018-11-29 07:14:07', '', '', '', '', '46.140.0.14', '/api/users/stats', 'api', 'users', 'API called : users/stats/889500678fb0ecae7596/1/month/11/2018'),
(1969, '2018-11-29 07:14:09', '', '', '', '', '46.140.0.14', '/api/users/stats', 'api', 'users', 'API called : users/stats/889500678fb0ecae7596/1/month/10/2018'),
(1970, '2018-11-29 07:14:10', '', '', '', '', '46.140.0.14', '/api/users/stats', 'api', 'users', 'API called : users/stats/889500678fb0ecae7596/1/month/11/2018'),
(1971, '2018-11-29 07:14:12', '', '', '', '', '46.140.0.14', '/api/users/stats', 'api', 'users', 'API called : users/stats/889500678fb0ecae7596/1/month/10/2018'),
(1972, '2018-11-29 07:14:13', '', '', '', '', '46.140.0.14', '/api/users/stats', 'api', 'users', 'API called : users/stats/889500678fb0ecae7596/1/month/11/2018'),
(1973, '2018-11-29 07:14:14', '', '', '', '', '46.140.0.14', '/api/users/stats', 'api', 'users', 'API called : users/stats/889500678fb0ecae7596/1/month/12/2018'),
(1974, '2018-11-29 07:14:15', '', '', '', '', '46.140.0.14', '/api/users/stats', 'api', 'users', 'API called : users/stats/889500678fb0ecae7596/1/month/1/2019'),
(1975, '2018-11-29 07:14:18', '', '', '', '', '46.140.0.14', '/api/users/stats', 'api', 'users', 'API called : users/stats/889500678fb0ecae7596/1/month/12/2018'),
(1976, '2018-11-29 07:14:18', '', '', '', '', '46.140.0.14', '/api/users/stats', 'api', 'users', 'API called : users/stats/889500678fb0ecae7596/1/month/11/2018'),
(1977, '2018-11-29 07:14:19', '', '', '', '', '46.140.0.14', '/api/users/stats', 'api', 'users', 'API called : users/stats/889500678fb0ecae7596/1/month/10/2018'),
(1978, '2018-11-29 07:14:22', '', '', '', '', '46.140.0.14', '/api/users/stats', 'api', 'users', 'API called : users/stats/889500678fb0ecae7596/1/days/2018-10-20'),
(1979, '2018-11-29 07:14:28', '', '', '', '', '46.140.0.14', '/api/users/user', 'api', 'users', 'API called : users/user/889500678fb0ecae7596/1'),
(1980, '2018-11-29 07:14:28', '', '', '', '', '46.140.0.14', '/api/users/stats', 'api', 'users', 'API called : users/stats/889500678fb0ecae7596/1/fromto/2018-11-22/2018-11-29/days'),
(1981, '2018-11-29 07:14:40', '', '', '', '', '46.140.0.14', '/api/users/user', 'api', 'users', 'API called : users/user/889500678fb0ecae7596/1'),
(1982, '2018-11-29 07:14:41', '', '', '', '', '46.140.0.14', '/api/users/stats', 'api', 'users', 'API called : users/stats/889500678fb0ecae7596/1/fromto/2018-11-22/2018-11-29/days');

-- --------------------------------------------------------

--
-- Structure de la table `users`
--

CREATE TABLE IF NOT EXISTS `users` (
  `IdUser` int(10) NOT NULL AUTO_INCREMENT,
  `PseudoUser` varchar(50) CHARACTER SET latin1 NOT NULL DEFAULT '',
  `PassUser` varchar(32) CHARACTER SET latin1 NOT NULL,
  `IdGroup` int(10) NOT NULL,
  `LastnameUser` varchar(50) DEFAULT NULL,
  `FirstnameUser` varchar(50) DEFAULT NULL,
  `BirthdayUser` date NOT NULL,
  `EmailUser` varchar(60) DEFAULT NULL,
  `PhoneUser` varchar(20) DEFAULT NULL,
  `AddressUser` varchar(60) NOT NULL,
  `ZipCodeUser` varchar(8) NOT NULL,
  `CityUser` varchar(40) NOT NULL,
  `ParamsUser` text NOT NULL,
  `TokenUser` varchar(50) NOT NULL,
  `IsAccountActivated` tinyint(4) NOT NULL,
  PRIMARY KEY (`IdUser`)
) ENGINE=MyISAM  DEFAULT CHARSET=utf8 AUTO_INCREMENT=49 ;

--
-- Contenu de la table `users`
--

INSERT INTO `users` (`IdUser`, `PseudoUser`, `PassUser`, `IdGroup`, `LastnameUser`, `FirstnameUser`, `BirthdayUser`, `EmailUser`, `PhoneUser`, `AddressUser`, `ZipCodeUser`, `CityUser`, `ParamsUser`, `TokenUser`, `IsAccountActivated`) VALUES
(1, 'vitabulle', 'fe30ba6b1fdcf2385e23', 1, 'Bubulle', 'Vita', '0000-00-00', 'vita@bulle.ch', '+41 (0) 21 621 92 62', 'Sevelin 28', '1004', 'Lausanne', '', '889500678fb0ecae7596', 1);

-- --------------------------------------------------------

--
-- Structure de la table `users_statistics`
--

CREATE TABLE IF NOT EXISTS `users_statistics` (
  `IdStatistic` int(11) NOT NULL AUTO_INCREMENT,
  `IdUser` int(11) NOT NULL,
  `ValueStatistic` int(11) NOT NULL,
  `DateStatistic` datetime NOT NULL,
  PRIMARY KEY (`IdStatistic`)
) ENGINE=MyISAM  DEFAULT CHARSET=utf8 AUTO_INCREMENT=79 ;

--
-- Contenu de la table `users_statistics`
--

INSERT INTO `users_statistics` (`IdStatistic`, `IdUser`, `ValueStatistic`, `DateStatistic`) VALUES
(23, 1, 3, '2018-10-01 05:00:00'),
(24, 1, 4, '2018-10-01 13:00:00'),
(25, 1, 4, '2018-10-01 16:00:00'),
(26, 1, 4, '2018-10-02 09:00:00'),
(27, 1, 3, '2018-10-02 12:00:00'),
(28, 1, 4, '2018-10-02 16:00:00'),
(29, 1, 2, '2018-10-03 09:00:00'),
(30, 1, 1, '2018-10-04 12:00:00'),
(31, 1, 4, '2018-10-03 16:00:00'),
(32, 1, 1, '2018-10-05 09:00:00'),
(33, 1, 3, '2018-10-05 12:00:00'),
(34, 1, 4, '2018-10-05 16:00:00'),
(35, 1, 2, '2018-10-05 17:00:00'),
(36, 1, 2, '2018-10-06 09:00:00'),
(37, 1, 3, '2018-10-07 12:00:00'),
(38, 1, 4, '2018-10-07 16:00:00'),
(39, 1, 2, '2018-10-07 17:00:00'),
(40, 1, 5, '2018-10-08 06:00:00'),
(41, 1, 3, '2018-10-10 12:54:19'),
(43, 1, 3, '2018-10-10 13:00:06'),
(44, 1, 1, '2018-10-10 19:41:59'),
(55, 1, 4, '2018-10-19 11:34:37'),
(54, 1, 3, '2018-10-19 11:10:29'),
(53, 1, 3, '2018-10-19 11:03:57'),
(48, 1, 3, '2018-10-10 20:10:49'),
(49, 1, 4, '2018-10-12 07:05:48'),
(50, 1, 3, '2018-10-12 11:09:02'),
(51, 1, 3, '2018-10-18 18:22:09'),
(52, 1, 3, '2018-10-18 19:47:26'),
(56, 1, 1, '2018-10-20 10:46:04'),
(57, 1, 3, '2018-10-20 15:40:39'),
(59, 1, 3, '2018-10-22 14:11:09'),
(60, 1, 1, '2018-10-22 14:16:43'),
(61, 1, 3, '2018-10-23 09:07:17'),
(62, 1, 2, '2018-10-23 09:28:33'),
(63, 1, 2, '2018-10-23 09:39:43'),
(64, 1, 2, '2018-10-23 09:48:33'),
(65, 1, 2, '2018-10-23 14:16:35'),
(78, 1, 2, '2018-11-29 07:13:45'),
(77, 1, 3, '2018-11-28 22:21:14'),
(72, 1, 4, '2018-11-27 09:29:16'),
(73, 1, 4, '2018-11-27 09:31:38'),
(74, 1, 2, '2018-11-27 10:17:44'),
(75, 1, 1, '2018-11-27 10:20:02'),
(76, 1, 2, '2018-11-27 11:50:49');

/*!40101 SET CHARACTER_SET_CLIENT=@OLD_CHARACTER_SET_CLIENT */;
/*!40101 SET CHARACTER_SET_RESULTS=@OLD_CHARACTER_SET_RESULTS */;
/*!40101 SET COLLATION_CONNECTION=@OLD_COLLATION_CONNECTION */;
